ISO-10303-21;
HEADER;
/* Generated by software containing ST-Developer
 * from STEP Tools, Inc. (www.steptools.com) 
 */
/* OPTION: strings as raw bytes, not using required /X/ escapes */

FILE_DESCRIPTION(
/* description */ ('Unknown'),
/* implementation_level */ '2;1');

FILE_NAME(
/* name */ 'SM8S26A',
/* time_stamp */ '2025-03-27T11:19:10+02:00',
/* author */ ('Unknown'),
/* organization */ ('Unknown'),
/* preprocessor_version */ 'ST-DEVELOPER v18.102',
/* originating_system */ 'Solid Edge',
/* authorisation */ 'Unknown');

FILE_SCHEMA (('AUTOMOTIVE_DESIGN {1 0 10303 214 3 1 1}'));
ENDSEC;

DATA;
#10=PROPERTY_DEFINITION_REPRESENTATION(#14,#12);
#11=PROPERTY_DEFINITION_REPRESENTATION(#15,#13);
#12=REPRESENTATION('',(#16),#2817);
#13=REPRESENTATION('',(#17),#2817);
#14=PROPERTY_DEFINITION('pmi validation property','',#2822);
#15=PROPERTY_DEFINITION('pmi validation property','',#2822);
#16=VALUE_REPRESENTATION_ITEM('number of annotations',COUNT_MEASURE(0.));
#17=VALUE_REPRESENTATION_ITEM('number of views',COUNT_MEASURE(0.));
#18=SHAPE_REPRESENTATION_RELATIONSHIP('','',#1853,#19);
#19=ADVANCED_BREP_SHAPE_REPRESENTATION('',(#1851),#2817);
#20=SPHERICAL_SURFACE('',#1967,0.164052);
#21=SPHERICAL_SURFACE('',#1971,0.164052);
#22=SPHERICAL_SURFACE('',#1979,0.164052);
#23=SPHERICAL_SURFACE('',#1983,0.164052);
#24=(
BOUNDED_SURFACE()
B_SPLINE_SURFACE(3,2,((#2723,#2724,#2725),(#2726,#2727,#2728),(#2729,#2730,
#2731),(#2732,#2733,#2734)),.UNSPECIFIED.,.F.,.F.,.F.)
B_SPLINE_SURFACE_WITH_KNOTS((4,4),(3,3),(4.71238898038469,6.28318530717959),
(0.,1.),.PIECEWISE_BEZIER_KNOTS.)
GEOMETRIC_REPRESENTATION_ITEM()
RATIONAL_B_SPLINE_SURFACE(((1.,0.707106781186548,1.),(1.,0.733786024128318,
1.),(1.,0.756345431816953,1.),(1.,0.756345432962237,1.)))
REPRESENTATION_ITEM('')
SURFACE()
);
#25=(
BOUNDED_SURFACE()
B_SPLINE_SURFACE(3,2,((#2738,#2739,#2740),(#2741,#2742,#2743),(#2744,#2745,
#2746),(#2747,#2748,#2749)),.UNSPECIFIED.,.F.,.F.,.F.)
B_SPLINE_SURFACE_WITH_KNOTS((4,4),(3,3),(3.14159265358979,4.71238898038469),
(0.,1.),.PIECEWISE_BEZIER_KNOTS.)
GEOMETRIC_REPRESENTATION_ITEM()
RATIONAL_B_SPLINE_SURFACE(((1.,0.756345432962239,1.),(1.,0.756345431816568,
1.),(1.,0.733786024128318,1.),(1.,0.707106781186548,1.)))
REPRESENTATION_ITEM('')
SURFACE()
);
#26=TOROIDAL_SURFACE('',#1944,0.164052,0.164052);
#27=TOROIDAL_SURFACE('',#1954,0.164052,0.164052);
#28=B_SPLINE_CURVE_WITH_KNOTS('',3,(#2699,#2700,#2701,#2702),
 .UNSPECIFIED.,.F.,.F.,(4,4),(0.,6.75762808269363E-5),.UNSPECIFIED.);
#29=B_SPLINE_CURVE_WITH_KNOTS('',3,(#2708,#2709,#2710,#2711,#2712),
 .UNSPECIFIED.,.F.,.F.,(4,1,4),(0.,5.43256306713123E-5,0.000108651261342625),
 .UNSPECIFIED.);
#30=B_SPLINE_CURVE_WITH_KNOTS('',3,(#2713,#2714,#2715,#2716),
 .UNSPECIFIED.,.F.,.F.,(4,4),(0.,0.000105176075214333),.UNSPECIFIED.);
#31=B_SPLINE_CURVE_WITH_KNOTS('',3,(#2718,#2719,#2720,#2721),
 .UNSPECIFIED.,.F.,.F.,(4,4),(0.,0.000161888040082572),.UNSPECIFIED.);
#32=B_SPLINE_CURVE_WITH_KNOTS('',3,(#2754,#2755,#2756,#2757),
 .UNSPECIFIED.,.F.,.F.,(4,4),(0.,0.000161869474012356),.UNSPECIFIED.);
#33=B_SPLINE_CURVE_WITH_KNOTS('',3,(#2762,#2763,#2764,#2765,#2766),
 .UNSPECIFIED.,.F.,.F.,(4,1,4),(0.,5.5085404747809E-5,0.000110170809495618),
 .UNSPECIFIED.);
#34=B_SPLINE_CURVE_WITH_KNOTS('',3,(#2767,#2768,#2769,#2770),
 .UNSPECIFIED.,.F.,.F.,(4,4),(0.,0.000105176075214338),.UNSPECIFIED.);
#35=B_SPLINE_CURVE_WITH_KNOTS('',3,(#2774,#2775,#2776,#2777),
 .UNSPECIFIED.,.F.,.F.,(4,4),(0.,6.7576280826935E-5),.UNSPECIFIED.);
#36=B_SPLINE_CURVE_WITH_KNOTS('',3,(#2779,#2780,#2781,#2782),
 .UNSPECIFIED.,.F.,.F.,(4,4),(0.,0.000129184366121795),.UNSPECIFIED.);
#37=B_SPLINE_CURVE_WITH_KNOTS('',3,(#2785,#2786,#2787,#2788),
 .UNSPECIFIED.,.F.,.F.,(4,4),(0.,0.000129184366121803),.UNSPECIFIED.);
#38=CYLINDRICAL_SURFACE('',#1885,0.5);
#39=CYLINDRICAL_SURFACE('',#1889,0.5);
#40=CYLINDRICAL_SURFACE('',#1893,0.5);
#41=CYLINDRICAL_SURFACE('',#1897,0.5);
#42=CYLINDRICAL_SURFACE('',#1905,0.987516861968727);
#43=CYLINDRICAL_SURFACE('',#1910,0.318617387485183);
#44=CYLINDRICAL_SURFACE('',#1914,0.355769122210217);
#45=CYLINDRICAL_SURFACE('',#1920,0.910121943206657);
#46=CYLINDRICAL_SURFACE('',#1925,0.328104);
#47=CYLINDRICAL_SURFACE('',#1928,0.328104);
#48=CYLINDRICAL_SURFACE('',#1930,0.328104);
#49=CYLINDRICAL_SURFACE('',#1932,0.328104);
#50=CYLINDRICAL_SURFACE('',#1933,0.328104);
#51=CYLINDRICAL_SURFACE('',#1936,0.328104);
#52=CYLINDRICAL_SURFACE('',#1938,0.328104);
#53=CYLINDRICAL_SURFACE('',#1940,0.328104);
#54=CYLINDRICAL_SURFACE('',#1941,0.164052);
#55=CYLINDRICAL_SURFACE('',#1946,0.164052);
#56=CYLINDRICAL_SURFACE('',#1949,0.164052);
#57=CYLINDRICAL_SURFACE('',#1952,0.164052);
#58=CYLINDRICAL_SURFACE('',#1956,0.164052);
#59=CYLINDRICAL_SURFACE('',#1958,0.164052);
#60=CYLINDRICAL_SURFACE('',#1960,0.164052);
#61=CYLINDRICAL_SURFACE('',#1962,0.164052);
#62=CYLINDRICAL_SURFACE('',#1965,0.164052);
#63=CYLINDRICAL_SURFACE('',#1969,0.164052);
#64=CYLINDRICAL_SURFACE('',#1973,0.164052);
#65=CYLINDRICAL_SURFACE('',#1975,0.164052);
#66=CYLINDRICAL_SURFACE('',#1977,0.164052);
#67=CYLINDRICAL_SURFACE('',#1981,0.164052);
#68=CYLINDRICAL_SURFACE('',#1985,0.164052);
#69=CYLINDRICAL_SURFACE('',#1986,0.131241599999999);
#70=CYLINDRICAL_SURFACE('',#1987,0.131241599999999);
#71=CIRCLE('',#1862,0.164052);
#72=CIRCLE('',#1865,0.164052);
#73=CIRCLE('',#1886,0.5);
#74=CIRCLE('',#1887,0.5);
#75=CIRCLE('',#1890,0.5);
#76=CIRCLE('',#1891,0.5);
#77=CIRCLE('',#1894,0.5);
#78=CIRCLE('',#1895,0.5);
#79=CIRCLE('',#1898,0.5);
#80=CIRCLE('',#1899,0.5);
#81=CIRCLE('',#1902,0.164052);
#82=CIRCLE('',#1903,0.164052);
#83=CIRCLE('',#1906,0.987516861968727);
#84=CIRCLE('',#1907,0.987516861968727);
#85=CIRCLE('',#1911,0.318617387485183);
#86=CIRCLE('',#1912,0.318617387485183);
#87=CIRCLE('',#1915,0.355769122210217);
#88=CIRCLE('',#1916,0.355769122210217);
#89=CIRCLE('',#1921,0.910121943206657);
#90=CIRCLE('',#1922,0.910121943206657);
#91=CIRCLE('',#1942,0.164052);
#92=CIRCLE('',#1945,0.164052);
#93=CIRCLE('',#1947,0.164052);
#94=CIRCLE('',#1948,0.164052);
#95=CIRCLE('',#1950,0.164052);
#96=CIRCLE('',#1951,0.164052);
#97=CIRCLE('',#1953,0.164052);
#98=CIRCLE('',#1955,0.164052);
#99=CIRCLE('',#1959,0.164052);
#100=CIRCLE('',#1961,0.164052);
#101=CIRCLE('',#1963,0.164052);
#102=CIRCLE('',#1966,0.164052);
#103=CIRCLE('',#1968,0.164052);
#104=CIRCLE('',#1970,0.164052);
#105=CIRCLE('',#1972,0.164052);
#106=CIRCLE('',#1976,0.164052);
#107=CIRCLE('',#1978,0.164052);
#108=CIRCLE('',#1980,0.164052);
#109=CIRCLE('',#1982,0.164052);
#110=CIRCLE('',#1984,0.164052);
#111=ELLIPSE('',#1857,0.742197019333305,0.131241599999999);
#112=ELLIPSE('',#1860,0.742197019333305,0.131241599999999);
#113=ELLIPSE('',#1863,0.165782658176723,0.164052);
#114=ELLIPSE('',#1864,0.165782658176723,0.164052);
#115=ELLIPSE('',#1870,0.742197019333305,0.131241599999999);
#116=ELLIPSE('',#1872,0.742197019333305,0.131241599999999);
#117=ELLIPSE('',#1878,0.334538240041033,0.328104);
#118=ELLIPSE('',#1879,0.334538240041033,0.328104);
#119=ELLIPSE('',#1926,0.328972743345311,0.328104);
#120=ELLIPSE('',#1927,0.32896366246826,0.328104);
#121=ELLIPSE('',#1929,0.357439449105942,0.328104);
#122=ELLIPSE('',#1931,0.35294619687575,0.328104);
#123=ELLIPSE('',#1934,0.328972743345311,0.328104);
#124=ELLIPSE('',#1935,0.32896366246826,0.328104);
#125=ELLIPSE('',#1937,0.357439449105942,0.328104);
#126=ELLIPSE('',#1939,0.35294619687575,0.328104);
#127=ELLIPSE('',#1943,0.232004563334431,0.164052);
#128=ELLIPSE('',#1957,0.232004563334431,0.164052);
#129=ELLIPSE('',#1964,0.164702140639978,0.164052);
#130=ELLIPSE('',#1974,0.164702140639978,0.164052);
#131=ORIENTED_EDGE('',*,*,#513,.T.);
#132=ORIENTED_EDGE('',*,*,#514,.T.);
#133=ORIENTED_EDGE('',*,*,#515,.T.);
#134=ORIENTED_EDGE('',*,*,#516,.T.);
#135=ORIENTED_EDGE('',*,*,#517,.T.);
#136=ORIENTED_EDGE('',*,*,#518,.T.);
#137=ORIENTED_EDGE('',*,*,#519,.T.);
#138=ORIENTED_EDGE('',*,*,#520,.F.);
#139=ORIENTED_EDGE('',*,*,#521,.T.);
#140=ORIENTED_EDGE('',*,*,#522,.F.);
#141=ORIENTED_EDGE('',*,*,#523,.F.);
#142=ORIENTED_EDGE('',*,*,#524,.T.);
#143=ORIENTED_EDGE('',*,*,#525,.T.);
#144=ORIENTED_EDGE('',*,*,#526,.T.);
#145=ORIENTED_EDGE('',*,*,#527,.T.);
#146=ORIENTED_EDGE('',*,*,#520,.T.);
#147=ORIENTED_EDGE('',*,*,#528,.T.);
#148=ORIENTED_EDGE('',*,*,#529,.T.);
#149=ORIENTED_EDGE('',*,*,#530,.T.);
#150=ORIENTED_EDGE('',*,*,#531,.T.);
#151=ORIENTED_EDGE('',*,*,#532,.T.);
#152=ORIENTED_EDGE('',*,*,#533,.F.);
#153=ORIENTED_EDGE('',*,*,#534,.T.);
#154=ORIENTED_EDGE('',*,*,#535,.F.);
#155=ORIENTED_EDGE('',*,*,#536,.T.);
#156=ORIENTED_EDGE('',*,*,#537,.T.);
#157=ORIENTED_EDGE('',*,*,#538,.F.);
#158=ORIENTED_EDGE('',*,*,#539,.F.);
#159=ORIENTED_EDGE('',*,*,#540,.T.);
#160=ORIENTED_EDGE('',*,*,#526,.F.);
#161=ORIENTED_EDGE('',*,*,#541,.T.);
#162=ORIENTED_EDGE('',*,*,#542,.T.);
#163=ORIENTED_EDGE('',*,*,#543,.T.);
#164=ORIENTED_EDGE('',*,*,#544,.F.);
#165=ORIENTED_EDGE('',*,*,#545,.T.);
#166=ORIENTED_EDGE('',*,*,#546,.T.);
#167=ORIENTED_EDGE('',*,*,#547,.T.);
#168=ORIENTED_EDGE('',*,*,#548,.T.);
#169=ORIENTED_EDGE('',*,*,#549,.T.);
#170=ORIENTED_EDGE('',*,*,#550,.F.);
#171=ORIENTED_EDGE('',*,*,#551,.T.);
#172=ORIENTED_EDGE('',*,*,#552,.T.);
#173=ORIENTED_EDGE('',*,*,#553,.T.);
#174=ORIENTED_EDGE('',*,*,#554,.T.);
#175=ORIENTED_EDGE('',*,*,#555,.T.);
#176=ORIENTED_EDGE('',*,*,#556,.T.);
#177=ORIENTED_EDGE('',*,*,#519,.F.);
#178=ORIENTED_EDGE('',*,*,#557,.T.);
#179=ORIENTED_EDGE('',*,*,#558,.T.);
#180=ORIENTED_EDGE('',*,*,#528,.F.);
#181=ORIENTED_EDGE('',*,*,#559,.T.);
#182=ORIENTED_EDGE('',*,*,#560,.T.);
#183=ORIENTED_EDGE('',*,*,#561,.T.);
#184=ORIENTED_EDGE('',*,*,#562,.F.);
#185=ORIENTED_EDGE('',*,*,#558,.F.);
#186=ORIENTED_EDGE('',*,*,#563,.T.);
#187=ORIENTED_EDGE('',*,*,#564,.T.);
#188=ORIENTED_EDGE('',*,*,#565,.T.);
#189=ORIENTED_EDGE('',*,*,#566,.T.);
#190=ORIENTED_EDGE('',*,*,#567,.T.);
#191=ORIENTED_EDGE('',*,*,#568,.T.);
#192=ORIENTED_EDGE('',*,*,#569,.T.);
#193=ORIENTED_EDGE('',*,*,#529,.F.);
#194=ORIENTED_EDGE('',*,*,#570,.T.);
#195=ORIENTED_EDGE('',*,*,#571,.T.);
#196=ORIENTED_EDGE('',*,*,#572,.T.);
#197=ORIENTED_EDGE('',*,*,#573,.T.);
#198=ORIENTED_EDGE('',*,*,#531,.F.);
#199=ORIENTED_EDGE('',*,*,#574,.T.);
#200=ORIENTED_EDGE('',*,*,#575,.T.);
#201=ORIENTED_EDGE('',*,*,#576,.T.);
#202=ORIENTED_EDGE('',*,*,#577,.T.);
#203=ORIENTED_EDGE('',*,*,#578,.F.);
#204=ORIENTED_EDGE('',*,*,#579,.T.);
#205=ORIENTED_EDGE('',*,*,#580,.T.);
#206=ORIENTED_EDGE('',*,*,#581,.T.);
#207=ORIENTED_EDGE('',*,*,#573,.F.);
#208=ORIENTED_EDGE('',*,*,#582,.T.);
#209=ORIENTED_EDGE('',*,*,#533,.T.);
#210=ORIENTED_EDGE('',*,*,#532,.F.);
#211=ORIENTED_EDGE('',*,*,#583,.F.);
#212=ORIENTED_EDGE('',*,*,#584,.T.);
#213=ORIENTED_EDGE('',*,*,#585,.T.);
#214=ORIENTED_EDGE('',*,*,#586,.T.);
#215=ORIENTED_EDGE('',*,*,#585,.F.);
#216=ORIENTED_EDGE('',*,*,#587,.T.);
#217=ORIENTED_EDGE('',*,*,#513,.F.);
#218=ORIENTED_EDGE('',*,*,#588,.T.);
#219=ORIENTED_EDGE('',*,*,#561,.F.);
#220=ORIENTED_EDGE('',*,*,#589,.T.);
#221=ORIENTED_EDGE('',*,*,#569,.F.);
#222=ORIENTED_EDGE('',*,*,#590,.T.);
#223=ORIENTED_EDGE('',*,*,#583,.T.);
#224=ORIENTED_EDGE('',*,*,#591,.T.);
#225=ORIENTED_EDGE('',*,*,#574,.F.);
#226=ORIENTED_EDGE('',*,*,#530,.F.);
#227=ORIENTED_EDGE('',*,*,#592,.T.);
#228=ORIENTED_EDGE('',*,*,#593,.T.);
#229=ORIENTED_EDGE('',*,*,#594,.T.);
#230=ORIENTED_EDGE('',*,*,#559,.F.);
#231=ORIENTED_EDGE('',*,*,#595,.F.);
#232=ORIENTED_EDGE('',*,*,#515,.F.);
#233=ORIENTED_EDGE('',*,*,#596,.T.);
#234=ORIENTED_EDGE('',*,*,#597,.T.);
#235=ORIENTED_EDGE('',*,*,#517,.F.);
#236=ORIENTED_EDGE('',*,*,#598,.T.);
#237=ORIENTED_EDGE('',*,*,#535,.T.);
#238=ORIENTED_EDGE('',*,*,#599,.T.);
#239=ORIENTED_EDGE('',*,*,#600,.T.);
#240=ORIENTED_EDGE('',*,*,#601,.T.);
#241=ORIENTED_EDGE('',*,*,#602,.F.);
#242=ORIENTED_EDGE('',*,*,#522,.T.);
#243=ORIENTED_EDGE('',*,*,#603,.T.);
#244=ORIENTED_EDGE('',*,*,#604,.T.);
#245=ORIENTED_EDGE('',*,*,#605,.F.);
#246=ORIENTED_EDGE('',*,*,#606,.F.);
#247=ORIENTED_EDGE('',*,*,#607,.T.);
#248=ORIENTED_EDGE('',*,*,#608,.T.);
#249=ORIENTED_EDGE('',*,*,#609,.F.);
#250=ORIENTED_EDGE('',*,*,#608,.F.);
#251=ORIENTED_EDGE('',*,*,#610,.T.);
#252=ORIENTED_EDGE('',*,*,#611,.T.);
#253=ORIENTED_EDGE('',*,*,#612,.T.);
#254=ORIENTED_EDGE('',*,*,#539,.T.);
#255=ORIENTED_EDGE('',*,*,#613,.F.);
#256=ORIENTED_EDGE('',*,*,#611,.F.);
#257=ORIENTED_EDGE('',*,*,#614,.F.);
#258=ORIENTED_EDGE('',*,*,#604,.F.);
#259=ORIENTED_EDGE('',*,*,#615,.T.);
#260=ORIENTED_EDGE('',*,*,#616,.T.);
#261=ORIENTED_EDGE('',*,*,#617,.F.);
#262=ORIENTED_EDGE('',*,*,#616,.F.);
#263=ORIENTED_EDGE('',*,*,#618,.T.);
#264=ORIENTED_EDGE('',*,*,#619,.T.);
#265=ORIENTED_EDGE('',*,*,#620,.F.);
#266=ORIENTED_EDGE('',*,*,#619,.F.);
#267=ORIENTED_EDGE('',*,*,#621,.T.);
#268=ORIENTED_EDGE('',*,*,#622,.T.);
#269=ORIENTED_EDGE('',*,*,#623,.F.);
#270=ORIENTED_EDGE('',*,*,#622,.F.);
#271=ORIENTED_EDGE('',*,*,#624,.T.);
#272=ORIENTED_EDGE('',*,*,#625,.T.);
#273=ORIENTED_EDGE('',*,*,#626,.F.);
#274=ORIENTED_EDGE('',*,*,#625,.F.);
#275=ORIENTED_EDGE('',*,*,#627,.T.);
#276=ORIENTED_EDGE('',*,*,#606,.T.);
#277=ORIENTED_EDGE('',*,*,#521,.F.);
#278=ORIENTED_EDGE('',*,*,#527,.F.);
#279=ORIENTED_EDGE('',*,*,#540,.F.);
#280=ORIENTED_EDGE('',*,*,#612,.F.);
#281=ORIENTED_EDGE('',*,*,#610,.F.);
#282=ORIENTED_EDGE('',*,*,#607,.F.);
#283=ORIENTED_EDGE('',*,*,#627,.F.);
#284=ORIENTED_EDGE('',*,*,#624,.F.);
#285=ORIENTED_EDGE('',*,*,#621,.F.);
#286=ORIENTED_EDGE('',*,*,#618,.F.);
#287=ORIENTED_EDGE('',*,*,#615,.F.);
#288=ORIENTED_EDGE('',*,*,#603,.F.);
#289=ORIENTED_EDGE('',*,*,#538,.T.);
#290=ORIENTED_EDGE('',*,*,#628,.T.);
#291=ORIENTED_EDGE('',*,*,#578,.T.);
#292=ORIENTED_EDGE('',*,*,#629,.T.);
#293=ORIENTED_EDGE('',*,*,#523,.T.);
#294=ORIENTED_EDGE('',*,*,#602,.T.);
#295=ORIENTED_EDGE('',*,*,#614,.T.);
#296=ORIENTED_EDGE('',*,*,#617,.T.);
#297=ORIENTED_EDGE('',*,*,#620,.T.);
#298=ORIENTED_EDGE('',*,*,#623,.T.);
#299=ORIENTED_EDGE('',*,*,#626,.T.);
#300=ORIENTED_EDGE('',*,*,#605,.T.);
#301=ORIENTED_EDGE('',*,*,#609,.T.);
#302=ORIENTED_EDGE('',*,*,#613,.T.);
#303=ORIENTED_EDGE('',*,*,#630,.F.);
#304=ORIENTED_EDGE('',*,*,#631,.F.);
#305=ORIENTED_EDGE('',*,*,#632,.T.);
#306=ORIENTED_EDGE('',*,*,#633,.T.);
#307=ORIENTED_EDGE('',*,*,#634,.F.);
#308=ORIENTED_EDGE('',*,*,#633,.F.);
#309=ORIENTED_EDGE('',*,*,#635,.T.);
#310=ORIENTED_EDGE('',*,*,#636,.T.);
#311=ORIENTED_EDGE('',*,*,#637,.F.);
#312=ORIENTED_EDGE('',*,*,#636,.F.);
#313=ORIENTED_EDGE('',*,*,#638,.T.);
#314=ORIENTED_EDGE('',*,*,#595,.T.);
#315=ORIENTED_EDGE('',*,*,#639,.F.);
#316=ORIENTED_EDGE('',*,*,#588,.F.);
#317=ORIENTED_EDGE('',*,*,#640,.T.);
#318=ORIENTED_EDGE('',*,*,#641,.T.);
#319=ORIENTED_EDGE('',*,*,#642,.F.);
#320=ORIENTED_EDGE('',*,*,#641,.F.);
#321=ORIENTED_EDGE('',*,*,#643,.T.);
#322=ORIENTED_EDGE('',*,*,#644,.T.);
#323=ORIENTED_EDGE('',*,*,#645,.F.);
#324=ORIENTED_EDGE('',*,*,#644,.F.);
#325=ORIENTED_EDGE('',*,*,#646,.T.);
#326=ORIENTED_EDGE('',*,*,#647,.T.);
#327=ORIENTED_EDGE('',*,*,#648,.F.);
#328=ORIENTED_EDGE('',*,*,#647,.F.);
#329=ORIENTED_EDGE('',*,*,#649,.T.);
#330=ORIENTED_EDGE('',*,*,#650,.T.);
#331=ORIENTED_EDGE('',*,*,#651,.F.);
#332=ORIENTED_EDGE('',*,*,#650,.F.);
#333=ORIENTED_EDGE('',*,*,#652,.T.);
#334=ORIENTED_EDGE('',*,*,#653,.T.);
#335=ORIENTED_EDGE('',*,*,#654,.F.);
#336=ORIENTED_EDGE('',*,*,#653,.F.);
#337=ORIENTED_EDGE('',*,*,#655,.T.);
#338=ORIENTED_EDGE('',*,*,#656,.T.);
#339=ORIENTED_EDGE('',*,*,#657,.F.);
#340=ORIENTED_EDGE('',*,*,#656,.F.);
#341=ORIENTED_EDGE('',*,*,#658,.T.);
#342=ORIENTED_EDGE('',*,*,#659,.T.);
#343=ORIENTED_EDGE('',*,*,#660,.F.);
#344=ORIENTED_EDGE('',*,*,#659,.F.);
#345=ORIENTED_EDGE('',*,*,#661,.T.);
#346=ORIENTED_EDGE('',*,*,#631,.T.);
#347=ORIENTED_EDGE('',*,*,#632,.F.);
#348=ORIENTED_EDGE('',*,*,#661,.F.);
#349=ORIENTED_EDGE('',*,*,#658,.F.);
#350=ORIENTED_EDGE('',*,*,#655,.F.);
#351=ORIENTED_EDGE('',*,*,#652,.F.);
#352=ORIENTED_EDGE('',*,*,#649,.F.);
#353=ORIENTED_EDGE('',*,*,#646,.F.);
#354=ORIENTED_EDGE('',*,*,#643,.F.);
#355=ORIENTED_EDGE('',*,*,#640,.F.);
#356=ORIENTED_EDGE('',*,*,#516,.F.);
#357=ORIENTED_EDGE('',*,*,#638,.F.);
#358=ORIENTED_EDGE('',*,*,#635,.F.);
#359=ORIENTED_EDGE('',*,*,#630,.T.);
#360=ORIENTED_EDGE('',*,*,#634,.T.);
#361=ORIENTED_EDGE('',*,*,#637,.T.);
#362=ORIENTED_EDGE('',*,*,#562,.T.);
#363=ORIENTED_EDGE('',*,*,#639,.T.);
#364=ORIENTED_EDGE('',*,*,#642,.T.);
#365=ORIENTED_EDGE('',*,*,#645,.T.);
#366=ORIENTED_EDGE('',*,*,#648,.T.);
#367=ORIENTED_EDGE('',*,*,#651,.T.);
#368=ORIENTED_EDGE('',*,*,#654,.T.);
#369=ORIENTED_EDGE('',*,*,#657,.T.);
#370=ORIENTED_EDGE('',*,*,#660,.T.);
#371=ORIENTED_EDGE('',*,*,#594,.F.);
#372=ORIENTED_EDGE('',*,*,#662,.T.);
#373=ORIENTED_EDGE('',*,*,#570,.F.);
#374=ORIENTED_EDGE('',*,*,#663,.F.);
#375=ORIENTED_EDGE('',*,*,#663,.T.);
#376=ORIENTED_EDGE('',*,*,#577,.F.);
#377=ORIENTED_EDGE('',*,*,#664,.F.);
#378=ORIENTED_EDGE('',*,*,#560,.F.);
#379=ORIENTED_EDGE('',*,*,#664,.T.);
#380=ORIENTED_EDGE('',*,*,#576,.F.);
#381=ORIENTED_EDGE('',*,*,#665,.F.);
#382=ORIENTED_EDGE('',*,*,#589,.F.);
#383=ORIENTED_EDGE('',*,*,#591,.F.);
#384=ORIENTED_EDGE('',*,*,#586,.F.);
#385=ORIENTED_EDGE('',*,*,#665,.T.);
#386=ORIENTED_EDGE('',*,*,#575,.F.);
#387=ORIENTED_EDGE('',*,*,#565,.F.);
#388=ORIENTED_EDGE('',*,*,#666,.T.);
#389=ORIENTED_EDGE('',*,*,#592,.F.);
#390=ORIENTED_EDGE('',*,*,#667,.F.);
#391=ORIENTED_EDGE('',*,*,#667,.T.);
#392=ORIENTED_EDGE('',*,*,#514,.F.);
#393=ORIENTED_EDGE('',*,*,#668,.F.);
#394=ORIENTED_EDGE('',*,*,#566,.F.);
#395=ORIENTED_EDGE('',*,*,#668,.T.);
#396=ORIENTED_EDGE('',*,*,#587,.F.);
#397=ORIENTED_EDGE('',*,*,#669,.F.);
#398=ORIENTED_EDGE('',*,*,#567,.F.);
#399=ORIENTED_EDGE('',*,*,#669,.T.);
#400=ORIENTED_EDGE('',*,*,#584,.F.);
#401=ORIENTED_EDGE('',*,*,#590,.F.);
#402=ORIENTED_EDGE('',*,*,#568,.F.);
#403=ORIENTED_EDGE('',*,*,#670,.F.);
#404=ORIENTED_EDGE('',*,*,#671,.T.);
#405=ORIENTED_EDGE('',*,*,#672,.T.);
#406=ORIENTED_EDGE('',*,*,#673,.F.);
#407=ORIENTED_EDGE('',*,*,#674,.T.);
#408=ORIENTED_EDGE('',*,*,#670,.T.);
#409=ORIENTED_EDGE('',*,*,#675,.T.);
#410=ORIENTED_EDGE('',*,*,#550,.T.);
#411=ORIENTED_EDGE('',*,*,#564,.F.);
#412=ORIENTED_EDGE('',*,*,#676,.T.);
#413=ORIENTED_EDGE('',*,*,#673,.T.);
#414=ORIENTED_EDGE('',*,*,#549,.F.);
#415=ORIENTED_EDGE('',*,*,#677,.F.);
#416=ORIENTED_EDGE('',*,*,#677,.T.);
#417=ORIENTED_EDGE('',*,*,#548,.F.);
#418=ORIENTED_EDGE('',*,*,#678,.F.);
#419=ORIENTED_EDGE('',*,*,#666,.F.);
#420=ORIENTED_EDGE('',*,*,#678,.T.);
#421=ORIENTED_EDGE('',*,*,#547,.F.);
#422=ORIENTED_EDGE('',*,*,#679,.F.);
#423=ORIENTED_EDGE('',*,*,#593,.F.);
#424=ORIENTED_EDGE('',*,*,#679,.T.);
#425=ORIENTED_EDGE('',*,*,#546,.F.);
#426=ORIENTED_EDGE('',*,*,#680,.F.);
#427=ORIENTED_EDGE('',*,*,#662,.F.);
#428=ORIENTED_EDGE('',*,*,#680,.T.);
#429=ORIENTED_EDGE('',*,*,#545,.F.);
#430=ORIENTED_EDGE('',*,*,#681,.F.);
#431=ORIENTED_EDGE('',*,*,#682,.T.);
#432=ORIENTED_EDGE('',*,*,#571,.F.);
#433=ORIENTED_EDGE('',*,*,#683,.F.);
#434=ORIENTED_EDGE('',*,*,#684,.T.);
#435=ORIENTED_EDGE('',*,*,#681,.T.);
#436=ORIENTED_EDGE('',*,*,#544,.T.);
#437=ORIENTED_EDGE('',*,*,#685,.T.);
#438=ORIENTED_EDGE('',*,*,#686,.T.);
#439=ORIENTED_EDGE('',*,*,#687,.T.);
#440=ORIENTED_EDGE('',*,*,#683,.T.);
#441=ORIENTED_EDGE('',*,*,#672,.F.);
#442=ORIENTED_EDGE('',*,*,#688,.T.);
#443=ORIENTED_EDGE('',*,*,#596,.F.);
#444=ORIENTED_EDGE('',*,*,#689,.T.);
#445=ORIENTED_EDGE('',*,*,#541,.F.);
#446=ORIENTED_EDGE('',*,*,#675,.F.);
#447=ORIENTED_EDGE('',*,*,#600,.F.);
#448=ORIENTED_EDGE('',*,*,#690,.T.);
#449=ORIENTED_EDGE('',*,*,#686,.F.);
#450=ORIENTED_EDGE('',*,*,#685,.F.);
#451=ORIENTED_EDGE('',*,*,#543,.F.);
#452=ORIENTED_EDGE('',*,*,#691,.T.);
#453=ORIENTED_EDGE('',*,*,#553,.F.);
#454=ORIENTED_EDGE('',*,*,#692,.T.);
#455=ORIENTED_EDGE('',*,*,#536,.F.);
#456=ORIENTED_EDGE('',*,*,#693,.F.);
#457=ORIENTED_EDGE('',*,*,#693,.T.);
#458=ORIENTED_EDGE('',*,*,#601,.F.);
#459=ORIENTED_EDGE('',*,*,#694,.F.);
#460=ORIENTED_EDGE('',*,*,#554,.F.);
#461=ORIENTED_EDGE('',*,*,#694,.T.);
#462=ORIENTED_EDGE('',*,*,#691,.F.);
#463=ORIENTED_EDGE('',*,*,#695,.F.);
#464=ORIENTED_EDGE('',*,*,#695,.T.);
#465=ORIENTED_EDGE('',*,*,#542,.F.);
#466=ORIENTED_EDGE('',*,*,#696,.F.);
#467=ORIENTED_EDGE('',*,*,#555,.F.);
#468=ORIENTED_EDGE('',*,*,#696,.T.);
#469=ORIENTED_EDGE('',*,*,#689,.F.);
#470=ORIENTED_EDGE('',*,*,#697,.F.);
#471=ORIENTED_EDGE('',*,*,#697,.T.);
#472=ORIENTED_EDGE('',*,*,#598,.F.);
#473=ORIENTED_EDGE('',*,*,#698,.F.);
#474=ORIENTED_EDGE('',*,*,#556,.F.);
#475=ORIENTED_EDGE('',*,*,#525,.F.);
#476=ORIENTED_EDGE('',*,*,#699,.T.);
#477=ORIENTED_EDGE('',*,*,#551,.F.);
#478=ORIENTED_EDGE('',*,*,#698,.T.);
#479=ORIENTED_EDGE('',*,*,#700,.F.);
#480=ORIENTED_EDGE('',*,*,#524,.F.);
#481=ORIENTED_EDGE('',*,*,#629,.F.);
#482=ORIENTED_EDGE('',*,*,#581,.F.);
#483=ORIENTED_EDGE('',*,*,#699,.F.);
#484=ORIENTED_EDGE('',*,*,#700,.T.);
#485=ORIENTED_EDGE('',*,*,#701,.F.);
#486=ORIENTED_EDGE('',*,*,#702,.F.);
#487=ORIENTED_EDGE('',*,*,#552,.F.);
#488=ORIENTED_EDGE('',*,*,#701,.T.);
#489=ORIENTED_EDGE('',*,*,#580,.F.);
#490=ORIENTED_EDGE('',*,*,#692,.F.);
#491=ORIENTED_EDGE('',*,*,#702,.T.);
#492=ORIENTED_EDGE('',*,*,#703,.F.);
#493=ORIENTED_EDGE('',*,*,#628,.F.);
#494=ORIENTED_EDGE('',*,*,#537,.F.);
#495=ORIENTED_EDGE('',*,*,#703,.T.);
#496=ORIENTED_EDGE('',*,*,#579,.F.);
#497=ORIENTED_EDGE('',*,*,#518,.F.);
#498=ORIENTED_EDGE('',*,*,#597,.F.);
#499=ORIENTED_EDGE('',*,*,#688,.F.);
#500=ORIENTED_EDGE('',*,*,#671,.F.);
#501=ORIENTED_EDGE('',*,*,#674,.F.);
#502=ORIENTED_EDGE('',*,*,#676,.F.);
#503=ORIENTED_EDGE('',*,*,#563,.F.);
#504=ORIENTED_EDGE('',*,*,#557,.F.);
#505=ORIENTED_EDGE('',*,*,#534,.F.);
#506=ORIENTED_EDGE('',*,*,#582,.F.);
#507=ORIENTED_EDGE('',*,*,#572,.F.);
#508=ORIENTED_EDGE('',*,*,#682,.F.);
#509=ORIENTED_EDGE('',*,*,#684,.F.);
#510=ORIENTED_EDGE('',*,*,#687,.F.);
#511=ORIENTED_EDGE('',*,*,#690,.F.);
#512=ORIENTED_EDGE('',*,*,#599,.F.);
#513=EDGE_CURVE('',#704,#705,#822,.T.);
#514=EDGE_CURVE('',#705,#706,#823,.F.);
#515=EDGE_CURVE('',#706,#707,#824,.T.);
#516=EDGE_CURVE('',#707,#704,#825,.T.);
#517=EDGE_CURVE('',#708,#709,#826,.T.);
#518=EDGE_CURVE('',#709,#710,#111,.T.);
#519=EDGE_CURVE('',#710,#711,#827,.T.);
#520=EDGE_CURVE('',#712,#711,#828,.T.);
#521=EDGE_CURVE('',#712,#713,#829,.T.);
#522=EDGE_CURVE('',#714,#713,#830,.T.);
#523=EDGE_CURVE('',#715,#714,#831,.T.);
#524=EDGE_CURVE('',#715,#716,#832,.F.);
#525=EDGE_CURVE('',#716,#708,#833,.F.);
#526=EDGE_CURVE('',#717,#718,#834,.T.);
#527=EDGE_CURVE('',#718,#712,#835,.T.);
#528=EDGE_CURVE('',#711,#719,#836,.T.);
#529=EDGE_CURVE('',#719,#720,#837,.T.);
#530=EDGE_CURVE('',#720,#721,#838,.T.);
#531=EDGE_CURVE('',#721,#722,#839,.T.);
#532=EDGE_CURVE('',#722,#717,#840,.T.);
#533=EDGE_CURVE('',#723,#717,#841,.T.);
#534=EDGE_CURVE('',#723,#724,#112,.T.);
#535=EDGE_CURVE('',#725,#724,#842,.T.);
#536=EDGE_CURVE('',#725,#726,#843,.T.);
#537=EDGE_CURVE('',#726,#727,#844,.F.);
#538=EDGE_CURVE('',#728,#727,#845,.T.);
#539=EDGE_CURVE('',#729,#728,#846,.T.);
#540=EDGE_CURVE('',#729,#718,#847,.T.);
#541=EDGE_CURVE('',#730,#731,#848,.F.);
#542=EDGE_CURVE('',#731,#732,#849,.F.);
#543=EDGE_CURVE('',#732,#733,#850,.T.);
#544=EDGE_CURVE('',#734,#733,#71,.F.);
#545=EDGE_CURVE('',#734,#735,#851,.F.);
#546=EDGE_CURVE('',#735,#736,#113,.F.);
#547=EDGE_CURVE('',#736,#737,#852,.F.);
#548=EDGE_CURVE('',#737,#738,#114,.F.);
#549=EDGE_CURVE('',#738,#739,#853,.F.);
#550=EDGE_CURVE('',#730,#739,#72,.F.);
#551=EDGE_CURVE('',#740,#741,#854,.T.);
#552=EDGE_CURVE('',#741,#742,#855,.F.);
#553=EDGE_CURVE('',#742,#743,#856,.F.);
#554=EDGE_CURVE('',#743,#744,#857,.F.);
#555=EDGE_CURVE('',#744,#745,#858,.T.);
#556=EDGE_CURVE('',#745,#740,#859,.T.);
#557=EDGE_CURVE('',#710,#746,#860,.T.);
#558=EDGE_CURVE('',#746,#719,#861,.T.);
#559=EDGE_CURVE('',#747,#748,#862,.T.);
#560=EDGE_CURVE('',#748,#749,#863,.T.);
#561=EDGE_CURVE('',#749,#750,#864,.T.);
#562=EDGE_CURVE('',#747,#750,#865,.T.);
#563=EDGE_CURVE('',#746,#751,#115,.F.);
#564=EDGE_CURVE('',#751,#752,#866,.T.);
#565=EDGE_CURVE('',#752,#753,#867,.T.);
#566=EDGE_CURVE('',#753,#754,#868,.T.);
#567=EDGE_CURVE('',#754,#755,#869,.T.);
#568=EDGE_CURVE('',#755,#756,#870,.T.);
#569=EDGE_CURVE('',#756,#720,#871,.T.);
#570=EDGE_CURVE('',#757,#758,#872,.T.);
#571=EDGE_CURVE('',#758,#759,#873,.T.);
#572=EDGE_CURVE('',#759,#760,#116,.F.);
#573=EDGE_CURVE('',#760,#722,#874,.T.);
#574=EDGE_CURVE('',#721,#761,#875,.T.);
#575=EDGE_CURVE('',#761,#762,#876,.T.);
#576=EDGE_CURVE('',#762,#763,#877,.T.);
#577=EDGE_CURVE('',#763,#757,#878,.F.);
#578=EDGE_CURVE('',#764,#765,#879,.T.);
#579=EDGE_CURVE('',#764,#766,#880,.T.);
#580=EDGE_CURVE('',#766,#767,#881,.T.);
#581=EDGE_CURVE('',#767,#765,#882,.T.);
#582=EDGE_CURVE('',#760,#723,#883,.F.);
#583=EDGE_CURVE('',#768,#769,#884,.T.);
#584=EDGE_CURVE('',#768,#770,#885,.F.);
#585=EDGE_CURVE('',#770,#771,#886,.T.);
#586=EDGE_CURVE('',#771,#769,#887,.F.);
#587=EDGE_CURVE('',#770,#705,#888,.F.);
#588=EDGE_CURVE('',#704,#750,#889,.T.);
#589=EDGE_CURVE('',#749,#771,#890,.F.);
#590=EDGE_CURVE('',#756,#768,#117,.F.);
#591=EDGE_CURVE('',#769,#761,#118,.F.);
#592=EDGE_CURVE('',#706,#772,#891,.F.);
#593=EDGE_CURVE('',#772,#773,#892,.T.);
#594=EDGE_CURVE('',#773,#748,#893,.F.);
#595=EDGE_CURVE('',#707,#747,#894,.T.);
#596=EDGE_CURVE('',#774,#775,#895,.T.);
#597=EDGE_CURVE('',#775,#709,#896,.F.);
#598=EDGE_CURVE('',#708,#774,#897,.F.);
#599=EDGE_CURVE('',#724,#776,#898,.T.);
#600=EDGE_CURVE('',#776,#777,#899,.F.);
#601=EDGE_CURVE('',#777,#725,#900,.T.);
#602=EDGE_CURVE('',#714,#778,#901,.T.);
#603=EDGE_CURVE('',#713,#779,#902,.T.);
#604=EDGE_CURVE('',#779,#778,#903,.T.);
#605=EDGE_CURVE('',#780,#781,#904,.T.);
#606=EDGE_CURVE('',#782,#780,#905,.T.);
#607=EDGE_CURVE('',#782,#783,#906,.T.);
#608=EDGE_CURVE('',#783,#781,#907,.T.);
#609=EDGE_CURVE('',#781,#784,#73,.T.);
#610=EDGE_CURVE('',#783,#785,#74,.T.);
#611=EDGE_CURVE('',#785,#784,#908,.T.);
#612=EDGE_CURVE('',#785,#729,#909,.T.);
#613=EDGE_CURVE('',#784,#728,#910,.T.);
#614=EDGE_CURVE('',#778,#786,#75,.T.);
#615=EDGE_CURVE('',#779,#787,#76,.T.);
#616=EDGE_CURVE('',#787,#786,#911,.T.);
#617=EDGE_CURVE('',#786,#788,#912,.T.);
#618=EDGE_CURVE('',#787,#789,#913,.T.);
#619=EDGE_CURVE('',#789,#788,#914,.T.);
#620=EDGE_CURVE('',#788,#790,#77,.T.);
#621=EDGE_CURVE('',#789,#791,#78,.T.);
#622=EDGE_CURVE('',#791,#790,#915,.T.);
#623=EDGE_CURVE('',#790,#792,#916,.T.);
#624=EDGE_CURVE('',#791,#793,#917,.T.);
#625=EDGE_CURVE('',#793,#792,#918,.T.);
#626=EDGE_CURVE('',#792,#780,#79,.T.);
#627=EDGE_CURVE('',#793,#782,#80,.T.);
#628=EDGE_CURVE('',#727,#764,#81,.F.);
#629=EDGE_CURVE('',#765,#715,#82,.F.);
#630=EDGE_CURVE('',#794,#795,#919,.T.);
#631=EDGE_CURVE('',#796,#794,#920,.T.);
#632=EDGE_CURVE('',#796,#797,#921,.T.);
#633=EDGE_CURVE('',#797,#795,#922,.T.);
#634=EDGE_CURVE('',#795,#798,#83,.T.);
#635=EDGE_CURVE('',#797,#799,#84,.T.);
#636=EDGE_CURVE('',#799,#798,#923,.T.);
#637=EDGE_CURVE('',#798,#747,#924,.T.);
#638=EDGE_CURVE('',#799,#707,#925,.T.);
#639=EDGE_CURVE('',#750,#800,#926,.T.);
#640=EDGE_CURVE('',#704,#801,#927,.T.);
#641=EDGE_CURVE('',#801,#800,#928,.T.);
#642=EDGE_CURVE('',#800,#802,#85,.T.);
#643=EDGE_CURVE('',#801,#803,#86,.T.);
#644=EDGE_CURVE('',#803,#802,#929,.T.);
#645=EDGE_CURVE('',#802,#804,#930,.T.);
#646=EDGE_CURVE('',#803,#805,#931,.T.);
#647=EDGE_CURVE('',#805,#804,#932,.T.);
#648=EDGE_CURVE('',#804,#806,#87,.T.);
#649=EDGE_CURVE('',#805,#807,#88,.T.);
#650=EDGE_CURVE('',#807,#806,#933,.T.);
#651=EDGE_CURVE('',#806,#808,#934,.T.);
#652=EDGE_CURVE('',#807,#809,#935,.T.);
#653=EDGE_CURVE('',#809,#808,#936,.T.);
#654=EDGE_CURVE('',#808,#810,#937,.T.);
#655=EDGE_CURVE('',#809,#811,#938,.T.);
#656=EDGE_CURVE('',#811,#810,#939,.T.);
#657=EDGE_CURVE('',#810,#812,#940,.T.);
#658=EDGE_CURVE('',#811,#813,#941,.T.);
#659=EDGE_CURVE('',#813,#812,#942,.T.);
#660=EDGE_CURVE('',#812,#794,#89,.T.);
#661=EDGE_CURVE('',#813,#796,#90,.T.);
#662=EDGE_CURVE('',#773,#758,#119,.F.);
#663=EDGE_CURVE('',#748,#757,#120,.F.);
#664=EDGE_CURVE('',#749,#763,#121,.T.);
#665=EDGE_CURVE('',#771,#762,#122,.F.);
#666=EDGE_CURVE('',#752,#772,#123,.F.);
#667=EDGE_CURVE('',#753,#706,#124,.T.);
#668=EDGE_CURVE('',#754,#705,#125,.T.);
#669=EDGE_CURVE('',#755,#770,#126,.T.);
#670=EDGE_CURVE('',#814,#815,#91,.T.);
#671=EDGE_CURVE('',#814,#816,#28,.T.);
#672=EDGE_CURVE('',#816,#815,#127,.F.);
#673=EDGE_CURVE('',#817,#739,#92,.F.);
#674=EDGE_CURVE('',#817,#814,#29,.T.);
#675=EDGE_CURVE('',#815,#730,#30,.T.);
#676=EDGE_CURVE('',#751,#817,#31,.T.);
#677=EDGE_CURVE('',#752,#738,#93,.T.);
#678=EDGE_CURVE('',#772,#737,#94,.T.);
#679=EDGE_CURVE('',#773,#736,#95,.T.);
#680=EDGE_CURVE('',#758,#735,#96,.T.);
#681=EDGE_CURVE('',#818,#734,#97,.T.);
#682=EDGE_CURVE('',#818,#759,#32,.T.);
#683=EDGE_CURVE('',#819,#820,#98,.F.);
#684=EDGE_CURVE('',#819,#818,#33,.T.);
#685=EDGE_CURVE('',#733,#820,#34,.F.);
#686=EDGE_CURVE('',#820,#821,#128,.T.);
#687=EDGE_CURVE('',#821,#819,#35,.T.);
#688=EDGE_CURVE('',#816,#775,#36,.T.);
#689=EDGE_CURVE('',#774,#731,#99,.F.);
#690=EDGE_CURVE('',#776,#821,#37,.F.);
#691=EDGE_CURVE('',#732,#777,#100,.T.);
#692=EDGE_CURVE('',#742,#726,#101,.F.);
#693=EDGE_CURVE('',#743,#725,#129,.T.);
#694=EDGE_CURVE('',#744,#777,#102,.T.);
#695=EDGE_CURVE('',#744,#732,#103,.T.);
#696=EDGE_CURVE('',#745,#731,#104,.T.);
#697=EDGE_CURVE('',#745,#774,#105,.T.);
#698=EDGE_CURVE('',#740,#708,#130,.T.);
#699=EDGE_CURVE('',#716,#741,#106,.F.);
#700=EDGE_CURVE('',#716,#767,#107,.T.);
#701=EDGE_CURVE('',#741,#767,#108,.T.);
#702=EDGE_CURVE('',#742,#766,#109,.T.);
#703=EDGE_CURVE('',#726,#766,#110,.T.);
#704=VERTEX_POINT('',#2380);
#705=VERTEX_POINT('',#2381);
#706=VERTEX_POINT('',#2383);
#707=VERTEX_POINT('',#2385);
#708=VERTEX_POINT('',#2389);
#709=VERTEX_POINT('',#2390);
#710=VERTEX_POINT('',#2392);
#711=VERTEX_POINT('',#2394);
#712=VERTEX_POINT('',#2396);
#713=VERTEX_POINT('',#2398);
#714=VERTEX_POINT('',#2400);
#715=VERTEX_POINT('',#2402);
#716=VERTEX_POINT('',#2404);
#717=VERTEX_POINT('',#2408);
#718=VERTEX_POINT('',#2409);
#719=VERTEX_POINT('',#2412);
#720=VERTEX_POINT('',#2414);
#721=VERTEX_POINT('',#2416);
#722=VERTEX_POINT('',#2418);
#723=VERTEX_POINT('',#2422);
#724=VERTEX_POINT('',#2424);
#725=VERTEX_POINT('',#2426);
#726=VERTEX_POINT('',#2428);
#727=VERTEX_POINT('',#2430);
#728=VERTEX_POINT('',#2432);
#729=VERTEX_POINT('',#2434);
#730=VERTEX_POINT('',#2438);
#731=VERTEX_POINT('',#2439);
#732=VERTEX_POINT('',#2441);
#733=VERTEX_POINT('',#2443);
#734=VERTEX_POINT('',#2445);
#735=VERTEX_POINT('',#2447);
#736=VERTEX_POINT('',#2449);
#737=VERTEX_POINT('',#2451);
#738=VERTEX_POINT('',#2453);
#739=VERTEX_POINT('',#2455);
#740=VERTEX_POINT('',#2459);
#741=VERTEX_POINT('',#2460);
#742=VERTEX_POINT('',#2462);
#743=VERTEX_POINT('',#2464);
#744=VERTEX_POINT('',#2466);
#745=VERTEX_POINT('',#2468);
#746=VERTEX_POINT('',#2472);
#747=VERTEX_POINT('',#2476);
#748=VERTEX_POINT('',#2477);
#749=VERTEX_POINT('',#2479);
#750=VERTEX_POINT('',#2481);
#751=VERTEX_POINT('',#2485);
#752=VERTEX_POINT('',#2487);
#753=VERTEX_POINT('',#2489);
#754=VERTEX_POINT('',#2491);
#755=VERTEX_POINT('',#2493);
#756=VERTEX_POINT('',#2495);
#757=VERTEX_POINT('',#2499);
#758=VERTEX_POINT('',#2500);
#759=VERTEX_POINT('',#2502);
#760=VERTEX_POINT('',#2504);
#761=VERTEX_POINT('',#2507);
#762=VERTEX_POINT('',#2509);
#763=VERTEX_POINT('',#2511);
#764=VERTEX_POINT('',#2515);
#765=VERTEX_POINT('',#2516);
#766=VERTEX_POINT('',#2518);
#767=VERTEX_POINT('',#2520);
#768=VERTEX_POINT('',#2526);
#769=VERTEX_POINT('',#2527);
#770=VERTEX_POINT('',#2529);
#771=VERTEX_POINT('',#2531);
#772=VERTEX_POINT('',#2542);
#773=VERTEX_POINT('',#2544);
#774=VERTEX_POINT('',#2549);
#775=VERTEX_POINT('',#2550);
#776=VERTEX_POINT('',#2555);
#777=VERTEX_POINT('',#2557);
#778=VERTEX_POINT('',#2561);
#779=VERTEX_POINT('',#2563);
#780=VERTEX_POINT('',#2567);
#781=VERTEX_POINT('',#2568);
#782=VERTEX_POINT('',#2570);
#783=VERTEX_POINT('',#2572);
#784=VERTEX_POINT('',#2576);
#785=VERTEX_POINT('',#2578);
#786=VERTEX_POINT('',#2585);
#787=VERTEX_POINT('',#2587);
#788=VERTEX_POINT('',#2591);
#789=VERTEX_POINT('',#2593);
#790=VERTEX_POINT('',#2597);
#791=VERTEX_POINT('',#2599);
#792=VERTEX_POINT('',#2603);
#793=VERTEX_POINT('',#2605);
#794=VERTEX_POINT('',#2616);
#795=VERTEX_POINT('',#2617);
#796=VERTEX_POINT('',#2619);
#797=VERTEX_POINT('',#2621);
#798=VERTEX_POINT('',#2625);
#799=VERTEX_POINT('',#2627);
#800=VERTEX_POINT('',#2634);
#801=VERTEX_POINT('',#2636);
#802=VERTEX_POINT('',#2640);
#803=VERTEX_POINT('',#2642);
#804=VERTEX_POINT('',#2646);
#805=VERTEX_POINT('',#2648);
#806=VERTEX_POINT('',#2652);
#807=VERTEX_POINT('',#2654);
#808=VERTEX_POINT('',#2658);
#809=VERTEX_POINT('',#2660);
#810=VERTEX_POINT('',#2664);
#811=VERTEX_POINT('',#2666);
#812=VERTEX_POINT('',#2670);
#813=VERTEX_POINT('',#2672);
#814=VERTEX_POINT('',#2697);
#815=VERTEX_POINT('',#2698);
#816=VERTEX_POINT('',#2703);
#817=VERTEX_POINT('',#2707);
#818=VERTEX_POINT('',#2753);
#819=VERTEX_POINT('',#2760);
#820=VERTEX_POINT('',#2761);
#821=VERTEX_POINT('',#2773);
#822=LINE('',#2379,#943);
#823=LINE('',#2382,#944);
#824=LINE('',#2384,#945);
#825=LINE('',#2386,#946);
#826=LINE('',#2388,#947);
#827=LINE('',#2393,#948);
#828=LINE('',#2395,#949);
#829=LINE('',#2397,#950);
#830=LINE('',#2399,#951);
#831=LINE('',#2401,#952);
#832=LINE('',#2403,#953);
#833=LINE('',#2405,#954);
#834=LINE('',#2407,#955);
#835=LINE('',#2410,#956);
#836=LINE('',#2411,#957);
#837=LINE('',#2413,#958);
#838=LINE('',#2415,#959);
#839=LINE('',#2417,#960);
#840=LINE('',#2419,#961);
#841=LINE('',#2421,#962);
#842=LINE('',#2425,#963);
#843=LINE('',#2427,#964);
#844=LINE('',#2429,#965);
#845=LINE('',#2431,#966);
#846=LINE('',#2433,#967);
#847=LINE('',#2435,#968);
#848=LINE('',#2437,#969);
#849=LINE('',#2440,#970);
#850=LINE('',#2442,#971);
#851=LINE('',#2446,#972);
#852=LINE('',#2450,#973);
#853=LINE('',#2454,#974);
#854=LINE('',#2458,#975);
#855=LINE('',#2461,#976);
#856=LINE('',#2463,#977);
#857=LINE('',#2465,#978);
#858=LINE('',#2467,#979);
#859=LINE('',#2469,#980);
#860=LINE('',#2471,#981);
#861=LINE('',#2473,#982);
#862=LINE('',#2475,#983);
#863=LINE('',#2478,#984);
#864=LINE('',#2480,#985);
#865=LINE('',#2482,#986);
#866=LINE('',#2486,#987);
#867=LINE('',#2488,#988);
#868=LINE('',#2490,#989);
#869=LINE('',#2492,#990);
#870=LINE('',#2494,#991);
#871=LINE('',#2496,#992);
#872=LINE('',#2498,#993);
#873=LINE('',#2501,#994);
#874=LINE('',#2505,#995);
#875=LINE('',#2506,#996);
#876=LINE('',#2508,#997);
#877=LINE('',#2510,#998);
#878=LINE('',#2512,#999);
#879=LINE('',#2514,#1000);
#880=LINE('',#2517,#1001);
#881=LINE('',#2519,#1002);
#882=LINE('',#2521,#1003);
#883=LINE('',#2523,#1004);
#884=LINE('',#2525,#1005);
#885=LINE('',#2528,#1006);
#886=LINE('',#2530,#1007);
#887=LINE('',#2532,#1008);
#888=LINE('',#2534,#1009);
#889=LINE('',#2535,#1010);
#890=LINE('',#2536,#1011);
#891=LINE('',#2541,#1012);
#892=LINE('',#2543,#1013);
#893=LINE('',#2545,#1014);
#894=LINE('',#2546,#1015);
#895=LINE('',#2548,#1016);
#896=LINE('',#2551,#1017);
#897=LINE('',#2552,#1018);
#898=LINE('',#2554,#1019);
#899=LINE('',#2556,#1020);
#900=LINE('',#2558,#1021);
#901=LINE('',#2560,#1022);
#902=LINE('',#2562,#1023);
#903=LINE('',#2564,#1024);
#904=LINE('',#2566,#1025);
#905=LINE('',#2569,#1026);
#906=LINE('',#2571,#1027);
#907=LINE('',#2573,#1028);
#908=LINE('',#2579,#1029);
#909=LINE('',#2581,#1030);
#910=LINE('',#2582,#1031);
#911=LINE('',#2588,#1032);
#912=LINE('',#2590,#1033);
#913=LINE('',#2592,#1034);
#914=LINE('',#2594,#1035);
#915=LINE('',#2600,#1036);
#916=LINE('',#2602,#1037);
#917=LINE('',#2604,#1038);
#918=LINE('',#2606,#1039);
#919=LINE('',#2615,#1040);
#920=LINE('',#2618,#1041);
#921=LINE('',#2620,#1042);
#922=LINE('',#2622,#1043);
#923=LINE('',#2628,#1044);
#924=LINE('',#2630,#1045);
#925=LINE('',#2631,#1046);
#926=LINE('',#2633,#1047);
#927=LINE('',#2635,#1048);
#928=LINE('',#2637,#1049);
#929=LINE('',#2643,#1050);
#930=LINE('',#2645,#1051);
#931=LINE('',#2647,#1052);
#932=LINE('',#2649,#1053);
#933=LINE('',#2655,#1054);
#934=LINE('',#2657,#1055);
#935=LINE('',#2659,#1056);
#936=LINE('',#2661,#1057);
#937=LINE('',#2663,#1058);
#938=LINE('',#2665,#1059);
#939=LINE('',#2667,#1060);
#940=LINE('',#2669,#1061);
#941=LINE('',#2671,#1062);
#942=LINE('',#2673,#1063);
#943=VECTOR('',#1992,1000.);
#944=VECTOR('',#1993,1000.);
#945=VECTOR('',#1994,1000.);
#946=VECTOR('',#1995,1000.);
#947=VECTOR('',#1998,1000.);
#948=VECTOR('',#2001,1000.);
#949=VECTOR('',#2002,1000.);
#950=VECTOR('',#2003,1000.);
#951=VECTOR('',#2004,1000.);
#952=VECTOR('',#2005,1000.);
#953=VECTOR('',#2006,1000.);
#954=VECTOR('',#2007,1000.);
#955=VECTOR('',#2010,1000.);
#956=VECTOR('',#2011,1000.);
#957=VECTOR('',#2012,1000.);
#958=VECTOR('',#2013,1000.);
#959=VECTOR('',#2014,1000.);
#960=VECTOR('',#2015,1000.);
#961=VECTOR('',#2016,1000.);
#962=VECTOR('',#2019,1000.);
#963=VECTOR('',#2022,1000.);
#964=VECTOR('',#2023,1000.);
#965=VECTOR('',#2024,1000.);
#966=VECTOR('',#2025,1000.);
#967=VECTOR('',#2026,1000.);
#968=VECTOR('',#2027,1000.);
#969=VECTOR('',#2030,1000.);
#970=VECTOR('',#2031,1000.);
#971=VECTOR('',#2032,1000.);
#972=VECTOR('',#2035,1000.);
#973=VECTOR('',#2038,1000.);
#974=VECTOR('',#2041,1000.);
#975=VECTOR('',#2046,1000.);
#976=VECTOR('',#2047,1000.);
#977=VECTOR('',#2048,1000.);
#978=VECTOR('',#2049,1000.);
#979=VECTOR('',#2050,1000.);
#980=VECTOR('',#2051,1000.);
#981=VECTOR('',#2054,1000.);
#982=VECTOR('',#2055,1000.);
#983=VECTOR('',#2058,1000.);
#984=VECTOR('',#2059,1000.);
#985=VECTOR('',#2060,1000.);
#986=VECTOR('',#2061,1000.);
#987=VECTOR('',#2066,1000.);
#988=VECTOR('',#2067,1000.);
#989=VECTOR('',#2068,1000.);
#990=VECTOR('',#2069,1000.);
#991=VECTOR('',#2070,1000.);
#992=VECTOR('',#2071,1000.);
#993=VECTOR('',#2074,1000.);
#994=VECTOR('',#2075,1000.);
#995=VECTOR('',#2078,1000.);
#996=VECTOR('',#2079,1000.);
#997=VECTOR('',#2080,1000.);
#998=VECTOR('',#2081,1000.);
#999=VECTOR('',#2082,1000.);
#1000=VECTOR('',#2085,1000.);
#1001=VECTOR('',#2086,1000.);
#1002=VECTOR('',#2087,1000.);
#1003=VECTOR('',#2088,1000.);
#1004=VECTOR('',#2091,1000.);
#1005=VECTOR('',#2094,1000.);
#1006=VECTOR('',#2095,1000.);
#1007=VECTOR('',#2096,1000.);
#1008=VECTOR('',#2097,1000.);
#1009=VECTOR('',#2100,1000.);
#1010=VECTOR('',#2101,1000.);
#1011=VECTOR('',#2102,1000.);
#1012=VECTOR('',#2111,1000.);
#1013=VECTOR('',#2112,1000.);
#1014=VECTOR('',#2113,1000.);
#1015=VECTOR('',#2114,1000.);
#1016=VECTOR('',#2117,1000.);
#1017=VECTOR('',#2118,1000.);
#1018=VECTOR('',#2119,1000.);
#1019=VECTOR('',#2122,1000.);
#1020=VECTOR('',#2123,1000.);
#1021=VECTOR('',#2124,1000.);
#1022=VECTOR('',#2127,1000.);
#1023=VECTOR('',#2128,1000.);
#1024=VECTOR('',#2129,1000.);
#1025=VECTOR('',#2132,1000.);
#1026=VECTOR('',#2133,1000.);
#1027=VECTOR('',#2134,1000.);
#1028=VECTOR('',#2135,1000.);
#1029=VECTOR('',#2142,1000.);
#1030=VECTOR('',#2145,1000.);
#1031=VECTOR('',#2146,1000.);
#1032=VECTOR('',#2153,1000.);
#1033=VECTOR('',#2156,1000.);
#1034=VECTOR('',#2157,1000.);
#1035=VECTOR('',#2158,1000.);
#1036=VECTOR('',#2165,1000.);
#1037=VECTOR('',#2168,1000.);
#1038=VECTOR('',#2169,1000.);
#1039=VECTOR('',#2170,1000.);
#1040=VECTOR('',#2187,1000.);
#1041=VECTOR('',#2188,1000.);
#1042=VECTOR('',#2189,1000.);
#1043=VECTOR('',#2190,1000.);
#1044=VECTOR('',#2197,1000.);
#1045=VECTOR('',#2200,1000.);
#1046=VECTOR('',#2201,1000.);
#1047=VECTOR('',#2204,1000.);
#1048=VECTOR('',#2205,1000.);
#1049=VECTOR('',#2206,1000.);
#1050=VECTOR('',#2213,1000.);
#1051=VECTOR('',#2216,1000.);
#1052=VECTOR('',#2217,1000.);
#1053=VECTOR('',#2218,1000.);
#1054=VECTOR('',#2225,1000.);
#1055=VECTOR('',#2228,1000.);
#1056=VECTOR('',#2229,1000.);
#1057=VECTOR('',#2230,1000.);
#1058=VECTOR('',#2233,1000.);
#1059=VECTOR('',#2234,1000.);
#1060=VECTOR('',#2235,1000.);
#1061=VECTOR('',#2238,1000.);
#1062=VECTOR('',#2239,1000.);
#1063=VECTOR('',#2240,1000.);
#1064=EDGE_LOOP('',(#131,#132,#133,#134));
#1065=EDGE_LOOP('',(#135,#136,#137,#138,#139,#140,#141,#142,#143));
#1066=EDGE_LOOP('',(#144,#145,#146,#147,#148,#149,#150,#151));
#1067=EDGE_LOOP('',(#152,#153,#154,#155,#156,#157,#158,#159,#160));
#1068=EDGE_LOOP('',(#161,#162,#163,#164,#165,#166,#167,#168,#169,#170));
#1069=EDGE_LOOP('',(#171,#172,#173,#174,#175,#176));
#1070=EDGE_LOOP('',(#177,#178,#179,#180));
#1071=EDGE_LOOP('',(#181,#182,#183,#184));
#1072=EDGE_LOOP('',(#185,#186,#187,#188,#189,#190,#191,#192,#193));
#1073=EDGE_LOOP('',(#194,#195,#196,#197,#198,#199,#200,#201,#202));
#1074=EDGE_LOOP('',(#203,#204,#205,#206));
#1075=EDGE_LOOP('',(#207,#208,#209,#210));
#1076=EDGE_LOOP('',(#211,#212,#213,#214));
#1077=EDGE_LOOP('',(#215,#216,#217,#218,#219,#220));
#1078=EDGE_LOOP('',(#221,#222,#223,#224,#225,#226));
#1079=EDGE_LOOP('',(#227,#228,#229,#230,#231,#232));
#1080=EDGE_LOOP('',(#233,#234,#235,#236));
#1081=EDGE_LOOP('',(#237,#238,#239,#240));
#1082=EDGE_LOOP('',(#241,#242,#243,#244));
#1083=EDGE_LOOP('',(#245,#246,#247,#248));
#1084=EDGE_LOOP('',(#249,#250,#251,#252));
#1085=EDGE_LOOP('',(#253,#254,#255,#256));
#1086=EDGE_LOOP('',(#257,#258,#259,#260));
#1087=EDGE_LOOP('',(#261,#262,#263,#264));
#1088=EDGE_LOOP('',(#265,#266,#267,#268));
#1089=EDGE_LOOP('',(#269,#270,#271,#272));
#1090=EDGE_LOOP('',(#273,#274,#275,#276));
#1091=EDGE_LOOP('',(#277,#278,#279,#280,#281,#282,#283,#284,#285,#286,#287,
#288));
#1092=EDGE_LOOP('',(#289,#290,#291,#292,#293,#294,#295,#296,#297,#298,#299,
#300,#301,#302));
#1093=EDGE_LOOP('',(#303,#304,#305,#306));
#1094=EDGE_LOOP('',(#307,#308,#309,#310));
#1095=EDGE_LOOP('',(#311,#312,#313,#314));
#1096=EDGE_LOOP('',(#315,#316,#317,#318));
#1097=EDGE_LOOP('',(#319,#320,#321,#322));
#1098=EDGE_LOOP('',(#323,#324,#325,#326));
#1099=EDGE_LOOP('',(#327,#328,#329,#330));
#1100=EDGE_LOOP('',(#331,#332,#333,#334));
#1101=EDGE_LOOP('',(#335,#336,#337,#338));
#1102=EDGE_LOOP('',(#339,#340,#341,#342));
#1103=EDGE_LOOP('',(#343,#344,#345,#346));
#1104=EDGE_LOOP('',(#347,#348,#349,#350,#351,#352,#353,#354,#355,#356,#357,
#358));
#1105=EDGE_LOOP('',(#359,#360,#361,#362,#363,#364,#365,#366,#367,#368,#369,
#370));
#1106=EDGE_LOOP('',(#371,#372,#373,#374));
#1107=EDGE_LOOP('',(#375,#376,#377,#378));
#1108=EDGE_LOOP('',(#379,#380,#381,#382));
#1109=EDGE_LOOP('',(#383,#384,#385,#386));
#1110=EDGE_LOOP('',(#387,#388,#389,#390));
#1111=EDGE_LOOP('',(#391,#392,#393,#394));
#1112=EDGE_LOOP('',(#395,#396,#397,#398));
#1113=EDGE_LOOP('',(#399,#400,#401,#402));
#1114=EDGE_LOOP('',(#403,#404,#405));
#1115=EDGE_LOOP('',(#406,#407,#408,#409,#410));
#1116=EDGE_LOOP('',(#411,#412,#413,#414,#415));
#1117=EDGE_LOOP('',(#416,#417,#418,#419));
#1118=EDGE_LOOP('',(#420,#421,#422,#423));
#1119=EDGE_LOOP('',(#424,#425,#426,#427));
#1120=EDGE_LOOP('',(#428,#429,#430,#431,#432));
#1121=EDGE_LOOP('',(#433,#434,#435,#436,#437));
#1122=EDGE_LOOP('',(#438,#439,#440));
#1123=EDGE_LOOP('',(#441,#442,#443,#444,#445,#446));
#1124=EDGE_LOOP('',(#447,#448,#449,#450,#451,#452));
#1125=EDGE_LOOP('',(#453,#454,#455,#456));
#1126=EDGE_LOOP('',(#457,#458,#459,#460));
#1127=EDGE_LOOP('',(#461,#462,#463));
#1128=EDGE_LOOP('',(#464,#465,#466,#467));
#1129=EDGE_LOOP('',(#468,#469,#470));
#1130=EDGE_LOOP('',(#471,#472,#473,#474));
#1131=EDGE_LOOP('',(#475,#476,#477,#478));
#1132=EDGE_LOOP('',(#479,#480,#481,#482));
#1133=EDGE_LOOP('',(#483,#484,#485));
#1134=EDGE_LOOP('',(#486,#487,#488,#489));
#1135=EDGE_LOOP('',(#490,#491,#492));
#1136=EDGE_LOOP('',(#493,#494,#495,#496));
#1137=EDGE_LOOP('',(#497,#498,#499,#500,#501,#502,#503,#504));
#1138=EDGE_LOOP('',(#505,#506,#507,#508,#509,#510,#511,#512));
#1139=FACE_BOUND('',#1064,.T.);
#1140=FACE_BOUND('',#1065,.T.);
#1141=FACE_BOUND('',#1066,.T.);
#1142=FACE_BOUND('',#1067,.T.);
#1143=FACE_BOUND('',#1068,.T.);
#1144=FACE_BOUND('',#1069,.T.);
#1145=FACE_BOUND('',#1070,.T.);
#1146=FACE_BOUND('',#1071,.T.);
#1147=FACE_BOUND('',#1072,.T.);
#1148=FACE_BOUND('',#1073,.T.);
#1149=FACE_BOUND('',#1074,.T.);
#1150=FACE_BOUND('',#1075,.T.);
#1151=FACE_BOUND('',#1076,.T.);
#1152=FACE_BOUND('',#1077,.T.);
#1153=FACE_BOUND('',#1078,.T.);
#1154=FACE_BOUND('',#1079,.T.);
#1155=FACE_BOUND('',#1080,.T.);
#1156=FACE_BOUND('',#1081,.T.);
#1157=FACE_BOUND('',#1082,.T.);
#1158=FACE_BOUND('',#1083,.T.);
#1159=FACE_BOUND('',#1084,.T.);
#1160=FACE_BOUND('',#1085,.T.);
#1161=FACE_BOUND('',#1086,.T.);
#1162=FACE_BOUND('',#1087,.T.);
#1163=FACE_BOUND('',#1088,.T.);
#1164=FACE_BOUND('',#1089,.T.);
#1165=FACE_BOUND('',#1090,.T.);
#1166=FACE_BOUND('',#1091,.T.);
#1167=FACE_BOUND('',#1092,.T.);
#1168=FACE_BOUND('',#1093,.T.);
#1169=FACE_BOUND('',#1094,.T.);
#1170=FACE_BOUND('',#1095,.T.);
#1171=FACE_BOUND('',#1096,.T.);
#1172=FACE_BOUND('',#1097,.T.);
#1173=FACE_BOUND('',#1098,.T.);
#1174=FACE_BOUND('',#1099,.T.);
#1175=FACE_BOUND('',#1100,.T.);
#1176=FACE_BOUND('',#1101,.T.);
#1177=FACE_BOUND('',#1102,.T.);
#1178=FACE_BOUND('',#1103,.T.);
#1179=FACE_BOUND('',#1104,.T.);
#1180=FACE_BOUND('',#1105,.T.);
#1181=FACE_BOUND('',#1106,.T.);
#1182=FACE_BOUND('',#1107,.T.);
#1183=FACE_BOUND('',#1108,.T.);
#1184=FACE_BOUND('',#1109,.T.);
#1185=FACE_BOUND('',#1110,.T.);
#1186=FACE_BOUND('',#1111,.T.);
#1187=FACE_BOUND('',#1112,.T.);
#1188=FACE_BOUND('',#1113,.T.);
#1189=FACE_BOUND('',#1114,.T.);
#1190=FACE_BOUND('',#1115,.T.);
#1191=FACE_BOUND('',#1116,.T.);
#1192=FACE_BOUND('',#1117,.T.);
#1193=FACE_BOUND('',#1118,.T.);
#1194=FACE_BOUND('',#1119,.T.);
#1195=FACE_BOUND('',#1120,.T.);
#1196=FACE_BOUND('',#1121,.T.);
#1197=FACE_BOUND('',#1122,.T.);
#1198=FACE_BOUND('',#1123,.T.);
#1199=FACE_BOUND('',#1124,.T.);
#1200=FACE_BOUND('',#1125,.T.);
#1201=FACE_BOUND('',#1126,.T.);
#1202=FACE_BOUND('',#1127,.T.);
#1203=FACE_BOUND('',#1128,.T.);
#1204=FACE_BOUND('',#1129,.T.);
#1205=FACE_BOUND('',#1130,.T.);
#1206=FACE_BOUND('',#1131,.T.);
#1207=FACE_BOUND('',#1132,.T.);
#1208=FACE_BOUND('',#1133,.T.);
#1209=FACE_BOUND('',#1134,.T.);
#1210=FACE_BOUND('',#1135,.T.);
#1211=FACE_BOUND('',#1136,.T.);
#1212=FACE_BOUND('',#1137,.T.);
#1213=FACE_BOUND('',#1138,.T.);
#1214=PLANE('',#1855);
#1215=PLANE('',#1856);
#1216=PLANE('',#1858);
#1217=PLANE('',#1859);
#1218=PLANE('',#1861);
#1219=PLANE('',#1866);
#1220=PLANE('',#1867);
#1221=PLANE('',#1868);
#1222=PLANE('',#1869);
#1223=PLANE('',#1871);
#1224=PLANE('',#1873);
#1225=PLANE('',#1874);
#1226=PLANE('',#1875);
#1227=PLANE('',#1876);
#1228=PLANE('',#1877);
#1229=PLANE('',#1880);
#1230=PLANE('',#1881);
#1231=PLANE('',#1882);
#1232=PLANE('',#1883);
#1233=PLANE('',#1884);
#1234=PLANE('',#1888);
#1235=PLANE('',#1892);
#1236=PLANE('',#1896);
#1237=PLANE('',#1900);
#1238=PLANE('',#1901);
#1239=PLANE('',#1904);
#1240=PLANE('',#1908);
#1241=PLANE('',#1909);
#1242=PLANE('',#1913);
#1243=PLANE('',#1917);
#1244=PLANE('',#1918);
#1245=PLANE('',#1919);
#1246=PLANE('',#1923);
#1247=PLANE('',#1924);
#1248=STYLED_ITEM('',(#1323),#1775);
#1249=STYLED_ITEM('',(#1324),#1776);
#1250=STYLED_ITEM('',(#1325),#1777);
#1251=STYLED_ITEM('',(#1326),#1778);
#1252=STYLED_ITEM('',(#1327),#1779);
#1253=STYLED_ITEM('',(#1328),#1780);
#1254=STYLED_ITEM('',(#1329),#1781);
#1255=STYLED_ITEM('',(#1330),#1782);
#1256=STYLED_ITEM('',(#1331),#1783);
#1257=STYLED_ITEM('',(#1332),#1784);
#1258=STYLED_ITEM('',(#1333),#1785);
#1259=STYLED_ITEM('',(#1334),#1786);
#1260=STYLED_ITEM('',(#1335),#1787);
#1261=STYLED_ITEM('',(#1336),#1788);
#1262=STYLED_ITEM('',(#1337),#1789);
#1263=STYLED_ITEM('',(#1338),#1790);
#1264=STYLED_ITEM('',(#1339),#1791);
#1265=STYLED_ITEM('',(#1340),#1792);
#1266=STYLED_ITEM('',(#1341),#1793);
#1267=STYLED_ITEM('',(#1342),#1794);
#1268=STYLED_ITEM('',(#1343),#1795);
#1269=STYLED_ITEM('',(#1344),#1796);
#1270=STYLED_ITEM('',(#1345),#1797);
#1271=STYLED_ITEM('',(#1346),#1798);
#1272=STYLED_ITEM('',(#1347),#1799);
#1273=STYLED_ITEM('',(#1348),#1800);
#1274=STYLED_ITEM('',(#1349),#1801);
#1275=STYLED_ITEM('',(#1350),#1802);
#1276=STYLED_ITEM('',(#1351),#1803);
#1277=STYLED_ITEM('',(#1352),#1804);
#1278=STYLED_ITEM('',(#1353),#1805);
#1279=STYLED_ITEM('',(#1354),#1806);
#1280=STYLED_ITEM('',(#1355),#1807);
#1281=STYLED_ITEM('',(#1356),#1808);
#1282=STYLED_ITEM('',(#1357),#1809);
#1283=STYLED_ITEM('',(#1358),#1810);
#1284=STYLED_ITEM('',(#1359),#1811);
#1285=STYLED_ITEM('',(#1360),#1812);
#1286=STYLED_ITEM('',(#1361),#1813);
#1287=STYLED_ITEM('',(#1362),#1814);
#1288=STYLED_ITEM('',(#1363),#1815);
#1289=STYLED_ITEM('',(#1364),#1816);
#1290=STYLED_ITEM('',(#1365),#1817);
#1291=STYLED_ITEM('',(#1366),#1818);
#1292=STYLED_ITEM('',(#1367),#1819);
#1293=STYLED_ITEM('',(#1368),#1820);
#1294=STYLED_ITEM('',(#1369),#1821);
#1295=STYLED_ITEM('',(#1370),#1822);
#1296=STYLED_ITEM('',(#1371),#1823);
#1297=STYLED_ITEM('',(#1372),#1824);
#1298=STYLED_ITEM('',(#1373),#1825);
#1299=STYLED_ITEM('',(#1374),#1826);
#1300=STYLED_ITEM('',(#1375),#1827);
#1301=STYLED_ITEM('',(#1376),#1828);
#1302=STYLED_ITEM('',(#1377),#1829);
#1303=STYLED_ITEM('',(#1378),#1830);
#1304=STYLED_ITEM('',(#1379),#1831);
#1305=STYLED_ITEM('',(#1380),#1832);
#1306=STYLED_ITEM('',(#1381),#1833);
#1307=STYLED_ITEM('',(#1382),#1834);
#1308=STYLED_ITEM('',(#1383),#1835);
#1309=STYLED_ITEM('',(#1384),#1836);
#1310=STYLED_ITEM('',(#1385),#1837);
#1311=STYLED_ITEM('',(#1386),#1838);
#1312=STYLED_ITEM('',(#1387),#1839);
#1313=STYLED_ITEM('',(#1388),#1840);
#1314=STYLED_ITEM('',(#1389),#1841);
#1315=STYLED_ITEM('',(#1390),#1842);
#1316=STYLED_ITEM('',(#1391),#1843);
#1317=STYLED_ITEM('',(#1392),#1844);
#1318=STYLED_ITEM('',(#1393),#1845);
#1319=STYLED_ITEM('',(#1394),#1846);
#1320=STYLED_ITEM('',(#1395),#1847);
#1321=STYLED_ITEM('',(#1396),#1848);
#1322=STYLED_ITEM('',(#1397),#1849);
#1323=PRESENTATION_STYLE_ASSIGNMENT((#1398));
#1324=PRESENTATION_STYLE_ASSIGNMENT((#1399));
#1325=PRESENTATION_STYLE_ASSIGNMENT((#1400));
#1326=PRESENTATION_STYLE_ASSIGNMENT((#1401));
#1327=PRESENTATION_STYLE_ASSIGNMENT((#1402));
#1328=PRESENTATION_STYLE_ASSIGNMENT((#1403));
#1329=PRESENTATION_STYLE_ASSIGNMENT((#1404));
#1330=PRESENTATION_STYLE_ASSIGNMENT((#1405));
#1331=PRESENTATION_STYLE_ASSIGNMENT((#1406));
#1332=PRESENTATION_STYLE_ASSIGNMENT((#1407));
#1333=PRESENTATION_STYLE_ASSIGNMENT((#1408));
#1334=PRESENTATION_STYLE_ASSIGNMENT((#1409));
#1335=PRESENTATION_STYLE_ASSIGNMENT((#1410));
#1336=PRESENTATION_STYLE_ASSIGNMENT((#1411));
#1337=PRESENTATION_STYLE_ASSIGNMENT((#1412));
#1338=PRESENTATION_STYLE_ASSIGNMENT((#1413));
#1339=PRESENTATION_STYLE_ASSIGNMENT((#1414));
#1340=PRESENTATION_STYLE_ASSIGNMENT((#1415));
#1341=PRESENTATION_STYLE_ASSIGNMENT((#1416));
#1342=PRESENTATION_STYLE_ASSIGNMENT((#1417));
#1343=PRESENTATION_STYLE_ASSIGNMENT((#1418));
#1344=PRESENTATION_STYLE_ASSIGNMENT((#1419));
#1345=PRESENTATION_STYLE_ASSIGNMENT((#1420));
#1346=PRESENTATION_STYLE_ASSIGNMENT((#1421));
#1347=PRESENTATION_STYLE_ASSIGNMENT((#1422));
#1348=PRESENTATION_STYLE_ASSIGNMENT((#1423));
#1349=PRESENTATION_STYLE_ASSIGNMENT((#1424));
#1350=PRESENTATION_STYLE_ASSIGNMENT((#1425));
#1351=PRESENTATION_STYLE_ASSIGNMENT((#1426));
#1352=PRESENTATION_STYLE_ASSIGNMENT((#1427));
#1353=PRESENTATION_STYLE_ASSIGNMENT((#1428));
#1354=PRESENTATION_STYLE_ASSIGNMENT((#1429));
#1355=PRESENTATION_STYLE_ASSIGNMENT((#1430));
#1356=PRESENTATION_STYLE_ASSIGNMENT((#1431));
#1357=PRESENTATION_STYLE_ASSIGNMENT((#1432));
#1358=PRESENTATION_STYLE_ASSIGNMENT((#1433));
#1359=PRESENTATION_STYLE_ASSIGNMENT((#1434));
#1360=PRESENTATION_STYLE_ASSIGNMENT((#1435));
#1361=PRESENTATION_STYLE_ASSIGNMENT((#1436));
#1362=PRESENTATION_STYLE_ASSIGNMENT((#1437));
#1363=PRESENTATION_STYLE_ASSIGNMENT((#1438));
#1364=PRESENTATION_STYLE_ASSIGNMENT((#1439));
#1365=PRESENTATION_STYLE_ASSIGNMENT((#1440));
#1366=PRESENTATION_STYLE_ASSIGNMENT((#1441));
#1367=PRESENTATION_STYLE_ASSIGNMENT((#1442));
#1368=PRESENTATION_STYLE_ASSIGNMENT((#1443));
#1369=PRESENTATION_STYLE_ASSIGNMENT((#1444));
#1370=PRESENTATION_STYLE_ASSIGNMENT((#1445));
#1371=PRESENTATION_STYLE_ASSIGNMENT((#1446));
#1372=PRESENTATION_STYLE_ASSIGNMENT((#1447));
#1373=PRESENTATION_STYLE_ASSIGNMENT((#1448));
#1374=PRESENTATION_STYLE_ASSIGNMENT((#1449));
#1375=PRESENTATION_STYLE_ASSIGNMENT((#1450));
#1376=PRESENTATION_STYLE_ASSIGNMENT((#1451));
#1377=PRESENTATION_STYLE_ASSIGNMENT((#1452));
#1378=PRESENTATION_STYLE_ASSIGNMENT((#1453));
#1379=PRESENTATION_STYLE_ASSIGNMENT((#1454));
#1380=PRESENTATION_STYLE_ASSIGNMENT((#1455));
#1381=PRESENTATION_STYLE_ASSIGNMENT((#1456));
#1382=PRESENTATION_STYLE_ASSIGNMENT((#1457));
#1383=PRESENTATION_STYLE_ASSIGNMENT((#1458));
#1384=PRESENTATION_STYLE_ASSIGNMENT((#1459));
#1385=PRESENTATION_STYLE_ASSIGNMENT((#1460));
#1386=PRESENTATION_STYLE_ASSIGNMENT((#1461));
#1387=PRESENTATION_STYLE_ASSIGNMENT((#1462));
#1388=PRESENTATION_STYLE_ASSIGNMENT((#1463));
#1389=PRESENTATION_STYLE_ASSIGNMENT((#1464));
#1390=PRESENTATION_STYLE_ASSIGNMENT((#1465));
#1391=PRESENTATION_STYLE_ASSIGNMENT((#1466));
#1392=PRESENTATION_STYLE_ASSIGNMENT((#1467));
#1393=PRESENTATION_STYLE_ASSIGNMENT((#1468));
#1394=PRESENTATION_STYLE_ASSIGNMENT((#1469));
#1395=PRESENTATION_STYLE_ASSIGNMENT((#1470));
#1396=PRESENTATION_STYLE_ASSIGNMENT((#1471));
#1397=PRESENTATION_STYLE_ASSIGNMENT((#1472));
#1398=SURFACE_STYLE_USAGE(.BOTH.,#1473);
#1399=SURFACE_STYLE_USAGE(.BOTH.,#1474);
#1400=SURFACE_STYLE_USAGE(.BOTH.,#1475);
#1401=SURFACE_STYLE_USAGE(.BOTH.,#1476);
#1402=SURFACE_STYLE_USAGE(.BOTH.,#1477);
#1403=SURFACE_STYLE_USAGE(.BOTH.,#1478);
#1404=SURFACE_STYLE_USAGE(.BOTH.,#1479);
#1405=SURFACE_STYLE_USAGE(.BOTH.,#1480);
#1406=SURFACE_STYLE_USAGE(.BOTH.,#1481);
#1407=SURFACE_STYLE_USAGE(.BOTH.,#1482);
#1408=SURFACE_STYLE_USAGE(.BOTH.,#1483);
#1409=SURFACE_STYLE_USAGE(.BOTH.,#1484);
#1410=SURFACE_STYLE_USAGE(.BOTH.,#1485);
#1411=SURFACE_STYLE_USAGE(.BOTH.,#1486);
#1412=SURFACE_STYLE_USAGE(.BOTH.,#1487);
#1413=SURFACE_STYLE_USAGE(.BOTH.,#1488);
#1414=SURFACE_STYLE_USAGE(.BOTH.,#1489);
#1415=SURFACE_STYLE_USAGE(.BOTH.,#1490);
#1416=SURFACE_STYLE_USAGE(.BOTH.,#1491);
#1417=SURFACE_STYLE_USAGE(.BOTH.,#1492);
#1418=SURFACE_STYLE_USAGE(.BOTH.,#1493);
#1419=SURFACE_STYLE_USAGE(.BOTH.,#1494);
#1420=SURFACE_STYLE_USAGE(.BOTH.,#1495);
#1421=SURFACE_STYLE_USAGE(.BOTH.,#1496);
#1422=SURFACE_STYLE_USAGE(.BOTH.,#1497);
#1423=SURFACE_STYLE_USAGE(.BOTH.,#1498);
#1424=SURFACE_STYLE_USAGE(.BOTH.,#1499);
#1425=SURFACE_STYLE_USAGE(.BOTH.,#1500);
#1426=SURFACE_STYLE_USAGE(.BOTH.,#1501);
#1427=SURFACE_STYLE_USAGE(.BOTH.,#1502);
#1428=SURFACE_STYLE_USAGE(.BOTH.,#1503);
#1429=SURFACE_STYLE_USAGE(.BOTH.,#1504);
#1430=SURFACE_STYLE_USAGE(.BOTH.,#1505);
#1431=SURFACE_STYLE_USAGE(.BOTH.,#1506);
#1432=SURFACE_STYLE_USAGE(.BOTH.,#1507);
#1433=SURFACE_STYLE_USAGE(.BOTH.,#1508);
#1434=SURFACE_STYLE_USAGE(.BOTH.,#1509);
#1435=SURFACE_STYLE_USAGE(.BOTH.,#1510);
#1436=SURFACE_STYLE_USAGE(.BOTH.,#1511);
#1437=SURFACE_STYLE_USAGE(.BOTH.,#1512);
#1438=SURFACE_STYLE_USAGE(.BOTH.,#1513);
#1439=SURFACE_STYLE_USAGE(.BOTH.,#1514);
#1440=SURFACE_STYLE_USAGE(.BOTH.,#1515);
#1441=SURFACE_STYLE_USAGE(.BOTH.,#1516);
#1442=SURFACE_STYLE_USAGE(.BOTH.,#1517);
#1443=SURFACE_STYLE_USAGE(.BOTH.,#1518);
#1444=SURFACE_STYLE_USAGE(.BOTH.,#1519);
#1445=SURFACE_STYLE_USAGE(.BOTH.,#1520);
#1446=SURFACE_STYLE_USAGE(.BOTH.,#1521);
#1447=SURFACE_STYLE_USAGE(.BOTH.,#1522);
#1448=SURFACE_STYLE_USAGE(.BOTH.,#1523);
#1449=SURFACE_STYLE_USAGE(.BOTH.,#1524);
#1450=SURFACE_STYLE_USAGE(.BOTH.,#1525);
#1451=SURFACE_STYLE_USAGE(.BOTH.,#1526);
#1452=SURFACE_STYLE_USAGE(.BOTH.,#1527);
#1453=SURFACE_STYLE_USAGE(.BOTH.,#1528);
#1454=SURFACE_STYLE_USAGE(.BOTH.,#1529);
#1455=SURFACE_STYLE_USAGE(.BOTH.,#1530);
#1456=SURFACE_STYLE_USAGE(.BOTH.,#1531);
#1457=SURFACE_STYLE_USAGE(.BOTH.,#1532);
#1458=SURFACE_STYLE_USAGE(.BOTH.,#1533);
#1459=SURFACE_STYLE_USAGE(.BOTH.,#1534);
#1460=SURFACE_STYLE_USAGE(.BOTH.,#1535);
#1461=SURFACE_STYLE_USAGE(.BOTH.,#1536);
#1462=SURFACE_STYLE_USAGE(.BOTH.,#1537);
#1463=SURFACE_STYLE_USAGE(.BOTH.,#1538);
#1464=SURFACE_STYLE_USAGE(.BOTH.,#1539);
#1465=SURFACE_STYLE_USAGE(.BOTH.,#1540);
#1466=SURFACE_STYLE_USAGE(.BOTH.,#1541);
#1467=SURFACE_STYLE_USAGE(.BOTH.,#1542);
#1468=SURFACE_STYLE_USAGE(.BOTH.,#1543);
#1469=SURFACE_STYLE_USAGE(.BOTH.,#1544);
#1470=SURFACE_STYLE_USAGE(.BOTH.,#1545);
#1471=SURFACE_STYLE_USAGE(.BOTH.,#1546);
#1472=SURFACE_STYLE_USAGE(.BOTH.,#1547);
#1473=SURFACE_SIDE_STYLE('',(#1548));
#1474=SURFACE_SIDE_STYLE('',(#1549));
#1475=SURFACE_SIDE_STYLE('',(#1550));
#1476=SURFACE_SIDE_STYLE('',(#1551));
#1477=SURFACE_SIDE_STYLE('',(#1552));
#1478=SURFACE_SIDE_STYLE('',(#1553));
#1479=SURFACE_SIDE_STYLE('',(#1554));
#1480=SURFACE_SIDE_STYLE('',(#1555));
#1481=SURFACE_SIDE_STYLE('',(#1556));
#1482=SURFACE_SIDE_STYLE('',(#1557));
#1483=SURFACE_SIDE_STYLE('',(#1558));
#1484=SURFACE_SIDE_STYLE('',(#1559));
#1485=SURFACE_SIDE_STYLE('',(#1560));
#1486=SURFACE_SIDE_STYLE('',(#1561));
#1487=SURFACE_SIDE_STYLE('',(#1562));
#1488=SURFACE_SIDE_STYLE('',(#1563));
#1489=SURFACE_SIDE_STYLE('',(#1564));
#1490=SURFACE_SIDE_STYLE('',(#1565));
#1491=SURFACE_SIDE_STYLE('',(#1566));
#1492=SURFACE_SIDE_STYLE('',(#1567));
#1493=SURFACE_SIDE_STYLE('',(#1568));
#1494=SURFACE_SIDE_STYLE('',(#1569));
#1495=SURFACE_SIDE_STYLE('',(#1570));
#1496=SURFACE_SIDE_STYLE('',(#1571));
#1497=SURFACE_SIDE_STYLE('',(#1572));
#1498=SURFACE_SIDE_STYLE('',(#1573));
#1499=SURFACE_SIDE_STYLE('',(#1574));
#1500=SURFACE_SIDE_STYLE('',(#1575));
#1501=SURFACE_SIDE_STYLE('',(#1576));
#1502=SURFACE_SIDE_STYLE('',(#1577));
#1503=SURFACE_SIDE_STYLE('',(#1578));
#1504=SURFACE_SIDE_STYLE('',(#1579));
#1505=SURFACE_SIDE_STYLE('',(#1580));
#1506=SURFACE_SIDE_STYLE('',(#1581));
#1507=SURFACE_SIDE_STYLE('',(#1582));
#1508=SURFACE_SIDE_STYLE('',(#1583));
#1509=SURFACE_SIDE_STYLE('',(#1584));
#1510=SURFACE_SIDE_STYLE('',(#1585));
#1511=SURFACE_SIDE_STYLE('',(#1586));
#1512=SURFACE_SIDE_STYLE('',(#1587));
#1513=SURFACE_SIDE_STYLE('',(#1588));
#1514=SURFACE_SIDE_STYLE('',(#1589));
#1515=SURFACE_SIDE_STYLE('',(#1590));
#1516=SURFACE_SIDE_STYLE('',(#1591));
#1517=SURFACE_SIDE_STYLE('',(#1592));
#1518=SURFACE_SIDE_STYLE('',(#1593));
#1519=SURFACE_SIDE_STYLE('',(#1594));
#1520=SURFACE_SIDE_STYLE('',(#1595));
#1521=SURFACE_SIDE_STYLE('',(#1596));
#1522=SURFACE_SIDE_STYLE('',(#1597));
#1523=SURFACE_SIDE_STYLE('',(#1598));
#1524=SURFACE_SIDE_STYLE('',(#1599));
#1525=SURFACE_SIDE_STYLE('',(#1600));
#1526=SURFACE_SIDE_STYLE('',(#1601));
#1527=SURFACE_SIDE_STYLE('',(#1602));
#1528=SURFACE_SIDE_STYLE('',(#1603));
#1529=SURFACE_SIDE_STYLE('',(#1604));
#1530=SURFACE_SIDE_STYLE('',(#1605));
#1531=SURFACE_SIDE_STYLE('',(#1606));
#1532=SURFACE_SIDE_STYLE('',(#1607));
#1533=SURFACE_SIDE_STYLE('',(#1608));
#1534=SURFACE_SIDE_STYLE('',(#1609));
#1535=SURFACE_SIDE_STYLE('',(#1610));
#1536=SURFACE_SIDE_STYLE('',(#1611));
#1537=SURFACE_SIDE_STYLE('',(#1612));
#1538=SURFACE_SIDE_STYLE('',(#1613));
#1539=SURFACE_SIDE_STYLE('',(#1614));
#1540=SURFACE_SIDE_STYLE('',(#1615));
#1541=SURFACE_SIDE_STYLE('',(#1616));
#1542=SURFACE_SIDE_STYLE('',(#1617));
#1543=SURFACE_SIDE_STYLE('',(#1618));
#1544=SURFACE_SIDE_STYLE('',(#1619));
#1545=SURFACE_SIDE_STYLE('',(#1620));
#1546=SURFACE_SIDE_STYLE('',(#1621));
#1547=SURFACE_SIDE_STYLE('',(#1622));
#1548=SURFACE_STYLE_FILL_AREA(#1623);
#1549=SURFACE_STYLE_FILL_AREA(#1624);
#1550=SURFACE_STYLE_FILL_AREA(#1625);
#1551=SURFACE_STYLE_FILL_AREA(#1626);
#1552=SURFACE_STYLE_FILL_AREA(#1627);
#1553=SURFACE_STYLE_FILL_AREA(#1628);
#1554=SURFACE_STYLE_FILL_AREA(#1629);
#1555=SURFACE_STYLE_FILL_AREA(#1630);
#1556=SURFACE_STYLE_FILL_AREA(#1631);
#1557=SURFACE_STYLE_FILL_AREA(#1632);
#1558=SURFACE_STYLE_FILL_AREA(#1633);
#1559=SURFACE_STYLE_FILL_AREA(#1634);
#1560=SURFACE_STYLE_FILL_AREA(#1635);
#1561=SURFACE_STYLE_FILL_AREA(#1636);
#1562=SURFACE_STYLE_FILL_AREA(#1637);
#1563=SURFACE_STYLE_FILL_AREA(#1638);
#1564=SURFACE_STYLE_FILL_AREA(#1639);
#1565=SURFACE_STYLE_FILL_AREA(#1640);
#1566=SURFACE_STYLE_FILL_AREA(#1641);
#1567=SURFACE_STYLE_FILL_AREA(#1642);
#1568=SURFACE_STYLE_FILL_AREA(#1643);
#1569=SURFACE_STYLE_FILL_AREA(#1644);
#1570=SURFACE_STYLE_FILL_AREA(#1645);
#1571=SURFACE_STYLE_FILL_AREA(#1646);
#1572=SURFACE_STYLE_FILL_AREA(#1647);
#1573=SURFACE_STYLE_FILL_AREA(#1648);
#1574=SURFACE_STYLE_FILL_AREA(#1649);
#1575=SURFACE_STYLE_FILL_AREA(#1650);
#1576=SURFACE_STYLE_FILL_AREA(#1651);
#1577=SURFACE_STYLE_FILL_AREA(#1652);
#1578=SURFACE_STYLE_FILL_AREA(#1653);
#1579=SURFACE_STYLE_FILL_AREA(#1654);
#1580=SURFACE_STYLE_FILL_AREA(#1655);
#1581=SURFACE_STYLE_FILL_AREA(#1656);
#1582=SURFACE_STYLE_FILL_AREA(#1657);
#1583=SURFACE_STYLE_FILL_AREA(#1658);
#1584=SURFACE_STYLE_FILL_AREA(#1659);
#1585=SURFACE_STYLE_FILL_AREA(#1660);
#1586=SURFACE_STYLE_FILL_AREA(#1661);
#1587=SURFACE_STYLE_FILL_AREA(#1662);
#1588=SURFACE_STYLE_FILL_AREA(#1663);
#1589=SURFACE_STYLE_FILL_AREA(#1664);
#1590=SURFACE_STYLE_FILL_AREA(#1665);
#1591=SURFACE_STYLE_FILL_AREA(#1666);
#1592=SURFACE_STYLE_FILL_AREA(#1667);
#1593=SURFACE_STYLE_FILL_AREA(#1668);
#1594=SURFACE_STYLE_FILL_AREA(#1669);
#1595=SURFACE_STYLE_FILL_AREA(#1670);
#1596=SURFACE_STYLE_FILL_AREA(#1671);
#1597=SURFACE_STYLE_FILL_AREA(#1672);
#1598=SURFACE_STYLE_FILL_AREA(#1673);
#1599=SURFACE_STYLE_FILL_AREA(#1674);
#1600=SURFACE_STYLE_FILL_AREA(#1675);
#1601=SURFACE_STYLE_FILL_AREA(#1676);
#1602=SURFACE_STYLE_FILL_AREA(#1677);
#1603=SURFACE_STYLE_FILL_AREA(#1678);
#1604=SURFACE_STYLE_FILL_AREA(#1679);
#1605=SURFACE_STYLE_FILL_AREA(#1680);
#1606=SURFACE_STYLE_FILL_AREA(#1681);
#1607=SURFACE_STYLE_FILL_AREA(#1682);
#1608=SURFACE_STYLE_FILL_AREA(#1683);
#1609=SURFACE_STYLE_FILL_AREA(#1684);
#1610=SURFACE_STYLE_FILL_AREA(#1685);
#1611=SURFACE_STYLE_FILL_AREA(#1686);
#1612=SURFACE_STYLE_FILL_AREA(#1687);
#1613=SURFACE_STYLE_FILL_AREA(#1688);
#1614=SURFACE_STYLE_FILL_AREA(#1689);
#1615=SURFACE_STYLE_FILL_AREA(#1690);
#1616=SURFACE_STYLE_FILL_AREA(#1691);
#1617=SURFACE_STYLE_FILL_AREA(#1692);
#1618=SURFACE_STYLE_FILL_AREA(#1693);
#1619=SURFACE_STYLE_FILL_AREA(#1694);
#1620=SURFACE_STYLE_FILL_AREA(#1695);
#1621=SURFACE_STYLE_FILL_AREA(#1696);
#1622=SURFACE_STYLE_FILL_AREA(#1697);
#1623=FILL_AREA_STYLE('',(#1698));
#1624=FILL_AREA_STYLE('',(#1699));
#1625=FILL_AREA_STYLE('',(#1700));
#1626=FILL_AREA_STYLE('',(#1701));
#1627=FILL_AREA_STYLE('',(#1702));
#1628=FILL_AREA_STYLE('',(#1703));
#1629=FILL_AREA_STYLE('',(#1704));
#1630=FILL_AREA_STYLE('',(#1705));
#1631=FILL_AREA_STYLE('',(#1706));
#1632=FILL_AREA_STYLE('',(#1707));
#1633=FILL_AREA_STYLE('',(#1708));
#1634=FILL_AREA_STYLE('',(#1709));
#1635=FILL_AREA_STYLE('',(#1710));
#1636=FILL_AREA_STYLE('',(#1711));
#1637=FILL_AREA_STYLE('',(#1712));
#1638=FILL_AREA_STYLE('',(#1713));
#1639=FILL_AREA_STYLE('',(#1714));
#1640=FILL_AREA_STYLE('',(#1715));
#1641=FILL_AREA_STYLE('',(#1716));
#1642=FILL_AREA_STYLE('',(#1717));
#1643=FILL_AREA_STYLE('',(#1718));
#1644=FILL_AREA_STYLE('',(#1719));
#1645=FILL_AREA_STYLE('',(#1720));
#1646=FILL_AREA_STYLE('',(#1721));
#1647=FILL_AREA_STYLE('',(#1722));
#1648=FILL_AREA_STYLE('',(#1723));
#1649=FILL_AREA_STYLE('',(#1724));
#1650=FILL_AREA_STYLE('',(#1725));
#1651=FILL_AREA_STYLE('',(#1726));
#1652=FILL_AREA_STYLE('',(#1727));
#1653=FILL_AREA_STYLE('',(#1728));
#1654=FILL_AREA_STYLE('',(#1729));
#1655=FILL_AREA_STYLE('',(#1730));
#1656=FILL_AREA_STYLE('',(#1731));
#1657=FILL_AREA_STYLE('',(#1732));
#1658=FILL_AREA_STYLE('',(#1733));
#1659=FILL_AREA_STYLE('',(#1734));
#1660=FILL_AREA_STYLE('',(#1735));
#1661=FILL_AREA_STYLE('',(#1736));
#1662=FILL_AREA_STYLE('',(#1737));
#1663=FILL_AREA_STYLE('',(#1738));
#1664=FILL_AREA_STYLE('',(#1739));
#1665=FILL_AREA_STYLE('',(#1740));
#1666=FILL_AREA_STYLE('',(#1741));
#1667=FILL_AREA_STYLE('',(#1742));
#1668=FILL_AREA_STYLE('',(#1743));
#1669=FILL_AREA_STYLE('',(#1744));
#1670=FILL_AREA_STYLE('',(#1745));
#1671=FILL_AREA_STYLE('',(#1746));
#1672=FILL_AREA_STYLE('',(#1747));
#1673=FILL_AREA_STYLE('',(#1748));
#1674=FILL_AREA_STYLE('',(#1749));
#1675=FILL_AREA_STYLE('',(#1750));
#1676=FILL_AREA_STYLE('',(#1751));
#1677=FILL_AREA_STYLE('',(#1752));
#1678=FILL_AREA_STYLE('',(#1753));
#1679=FILL_AREA_STYLE('',(#1754));
#1680=FILL_AREA_STYLE('',(#1755));
#1681=FILL_AREA_STYLE('',(#1756));
#1682=FILL_AREA_STYLE('',(#1757));
#1683=FILL_AREA_STYLE('',(#1758));
#1684=FILL_AREA_STYLE('',(#1759));
#1685=FILL_AREA_STYLE('',(#1760));
#1686=FILL_AREA_STYLE('',(#1761));
#1687=FILL_AREA_STYLE('',(#1762));
#1688=FILL_AREA_STYLE('',(#1763));
#1689=FILL_AREA_STYLE('',(#1764));
#1690=FILL_AREA_STYLE('',(#1765));
#1691=FILL_AREA_STYLE('',(#1766));
#1692=FILL_AREA_STYLE('',(#1767));
#1693=FILL_AREA_STYLE('',(#1768));
#1694=FILL_AREA_STYLE('',(#1769));
#1695=FILL_AREA_STYLE('',(#1770));
#1696=FILL_AREA_STYLE('',(#1771));
#1697=FILL_AREA_STYLE('',(#1772));
#1698=FILL_AREA_STYLE_COLOUR('',#1773);
#1699=FILL_AREA_STYLE_COLOUR('',#1773);
#1700=FILL_AREA_STYLE_COLOUR('',#1773);
#1701=FILL_AREA_STYLE_COLOUR('',#1773);
#1702=FILL_AREA_STYLE_COLOUR('',#1773);
#1703=FILL_AREA_STYLE_COLOUR('',#1773);
#1704=FILL_AREA_STYLE_COLOUR('',#1773);
#1705=FILL_AREA_STYLE_COLOUR('',#1773);
#1706=FILL_AREA_STYLE_COLOUR('',#1773);
#1707=FILL_AREA_STYLE_COLOUR('',#1773);
#1708=FILL_AREA_STYLE_COLOUR('',#1773);
#1709=FILL_AREA_STYLE_COLOUR('',#1773);
#1710=FILL_AREA_STYLE_COLOUR('',#1773);
#1711=FILL_AREA_STYLE_COLOUR('',#1773);
#1712=FILL_AREA_STYLE_COLOUR('',#1773);
#1713=FILL_AREA_STYLE_COLOUR('',#1773);
#1714=FILL_AREA_STYLE_COLOUR('',#1773);
#1715=FILL_AREA_STYLE_COLOUR('',#1773);
#1716=FILL_AREA_STYLE_COLOUR('',#1774);
#1717=FILL_AREA_STYLE_COLOUR('',#1774);
#1718=FILL_AREA_STYLE_COLOUR('',#1774);
#1719=FILL_AREA_STYLE_COLOUR('',#1774);
#1720=FILL_AREA_STYLE_COLOUR('',#1774);
#1721=FILL_AREA_STYLE_COLOUR('',#1774);
#1722=FILL_AREA_STYLE_COLOUR('',#1774);
#1723=FILL_AREA_STYLE_COLOUR('',#1774);
#1724=FILL_AREA_STYLE_COLOUR('',#1774);
#1725=FILL_AREA_STYLE_COLOUR('',#1774);
#1726=FILL_AREA_STYLE_COLOUR('',#1774);
#1727=FILL_AREA_STYLE_COLOUR('',#1774);
#1728=FILL_AREA_STYLE_COLOUR('',#1774);
#1729=FILL_AREA_STYLE_COLOUR('',#1774);
#1730=FILL_AREA_STYLE_COLOUR('',#1774);
#1731=FILL_AREA_STYLE_COLOUR('',#1774);
#1732=FILL_AREA_STYLE_COLOUR('',#1774);
#1733=FILL_AREA_STYLE_COLOUR('',#1774);
#1734=FILL_AREA_STYLE_COLOUR('',#1774);
#1735=FILL_AREA_STYLE_COLOUR('',#1774);
#1736=FILL_AREA_STYLE_COLOUR('',#1774);
#1737=FILL_AREA_STYLE_COLOUR('',#1774);
#1738=FILL_AREA_STYLE_COLOUR('',#1774);
#1739=FILL_AREA_STYLE_COLOUR('',#1774);
#1740=FILL_AREA_STYLE_COLOUR('',#1773);
#1741=FILL_AREA_STYLE_COLOUR('',#1773);
#1742=FILL_AREA_STYLE_COLOUR('',#1773);
#1743=FILL_AREA_STYLE_COLOUR('',#1773);
#1744=FILL_AREA_STYLE_COLOUR('',#1773);
#1745=FILL_AREA_STYLE_COLOUR('',#1773);
#1746=FILL_AREA_STYLE_COLOUR('',#1773);
#1747=FILL_AREA_STYLE_COLOUR('',#1773);
#1748=FILL_AREA_STYLE_COLOUR('',#1773);
#1749=FILL_AREA_STYLE_COLOUR('',#1773);
#1750=FILL_AREA_STYLE_COLOUR('',#1773);
#1751=FILL_AREA_STYLE_COLOUR('',#1773);
#1752=FILL_AREA_STYLE_COLOUR('',#1773);
#1753=FILL_AREA_STYLE_COLOUR('',#1773);
#1754=FILL_AREA_STYLE_COLOUR('',#1773);
#1755=FILL_AREA_STYLE_COLOUR('',#1773);
#1756=FILL_AREA_STYLE_COLOUR('',#1773);
#1757=FILL_AREA_STYLE_COLOUR('',#1773);
#1758=FILL_AREA_STYLE_COLOUR('',#1773);
#1759=FILL_AREA_STYLE_COLOUR('',#1773);
#1760=FILL_AREA_STYLE_COLOUR('',#1773);
#1761=FILL_AREA_STYLE_COLOUR('',#1773);
#1762=FILL_AREA_STYLE_COLOUR('',#1773);
#1763=FILL_AREA_STYLE_COLOUR('',#1773);
#1764=FILL_AREA_STYLE_COLOUR('',#1773);
#1765=FILL_AREA_STYLE_COLOUR('',#1773);
#1766=FILL_AREA_STYLE_COLOUR('',#1773);
#1767=FILL_AREA_STYLE_COLOUR('',#1773);
#1768=FILL_AREA_STYLE_COLOUR('',#1773);
#1769=FILL_AREA_STYLE_COLOUR('',#1773);
#1770=FILL_AREA_STYLE_COLOUR('',#1773);
#1771=FILL_AREA_STYLE_COLOUR('',#1773);
#1772=FILL_AREA_STYLE_COLOUR('',#1773);
#1773=COLOUR_RGB('',0.200000002980232,0.200000002980232,0.200000002980232);
#1774=COLOUR_RGB('',0.699999988079071,0.699999988079071,0.699999988079071);
#1775=ADVANCED_FACE('',(#1139),#1214,.T.);
#1776=ADVANCED_FACE('',(#1140),#1215,.T.);
#1777=ADVANCED_FACE('',(#1141),#1216,.T.);
#1778=ADVANCED_FACE('',(#1142),#1217,.T.);
#1779=ADVANCED_FACE('',(#1143),#1218,.F.);
#1780=ADVANCED_FACE('',(#1144),#1219,.T.);
#1781=ADVANCED_FACE('',(#1145),#1220,.T.);
#1782=ADVANCED_FACE('',(#1146),#1221,.T.);
#1783=ADVANCED_FACE('',(#1147),#1222,.T.);
#1784=ADVANCED_FACE('',(#1148),#1223,.T.);
#1785=ADVANCED_FACE('',(#1149),#1224,.T.);
#1786=ADVANCED_FACE('',(#1150),#1225,.T.);
#1787=ADVANCED_FACE('',(#1151),#1226,.T.);
#1788=ADVANCED_FACE('',(#1152),#1227,.T.);
#1789=ADVANCED_FACE('',(#1153),#1228,.T.);
#1790=ADVANCED_FACE('',(#1154),#1229,.T.);
#1791=ADVANCED_FACE('',(#1155),#1230,.T.);
#1792=ADVANCED_FACE('',(#1156),#1231,.F.);
#1793=ADVANCED_FACE('',(#1157),#1232,.T.);
#1794=ADVANCED_FACE('',(#1158),#1233,.T.);
#1795=ADVANCED_FACE('',(#1159),#38,.T.);
#1796=ADVANCED_FACE('',(#1160),#1234,.T.);
#1797=ADVANCED_FACE('',(#1161),#39,.T.);
#1798=ADVANCED_FACE('',(#1162),#1235,.T.);
#1799=ADVANCED_FACE('',(#1163),#40,.T.);
#1800=ADVANCED_FACE('',(#1164),#1236,.T.);
#1801=ADVANCED_FACE('',(#1165),#41,.T.);
#1802=ADVANCED_FACE('',(#1166),#1237,.F.);
#1803=ADVANCED_FACE('',(#1167),#1238,.T.);
#1804=ADVANCED_FACE('',(#1168),#1239,.T.);
#1805=ADVANCED_FACE('',(#1169),#42,.T.);
#1806=ADVANCED_FACE('',(#1170),#1240,.T.);
#1807=ADVANCED_FACE('',(#1171),#1241,.T.);
#1808=ADVANCED_FACE('',(#1172),#43,.F.);
#1809=ADVANCED_FACE('',(#1173),#1242,.T.);
#1810=ADVANCED_FACE('',(#1174),#44,.F.);
#1811=ADVANCED_FACE('',(#1175),#1243,.T.);
#1812=ADVANCED_FACE('',(#1176),#1244,.T.);
#1813=ADVANCED_FACE('',(#1177),#1245,.T.);
#1814=ADVANCED_FACE('',(#1178),#45,.T.);
#1815=ADVANCED_FACE('',(#1179),#1246,.F.);
#1816=ADVANCED_FACE('',(#1180),#1247,.T.);
#1817=ADVANCED_FACE('',(#1181),#46,.T.);
#1818=ADVANCED_FACE('',(#1182),#47,.T.);
#1819=ADVANCED_FACE('',(#1183),#48,.T.);
#1820=ADVANCED_FACE('',(#1184),#49,.T.);
#1821=ADVANCED_FACE('',(#1185),#50,.T.);
#1822=ADVANCED_FACE('',(#1186),#51,.T.);
#1823=ADVANCED_FACE('',(#1187),#52,.T.);
#1824=ADVANCED_FACE('',(#1188),#53,.T.);
#1825=ADVANCED_FACE('',(#1189),#54,.T.);
#1826=ADVANCED_FACE('',(#1190),#26,.T.);
#1827=ADVANCED_FACE('',(#1191),#55,.T.);
#1828=ADVANCED_FACE('',(#1192),#24,.T.);
#1829=ADVANCED_FACE('',(#1193),#56,.T.);
#1830=ADVANCED_FACE('',(#1194),#25,.T.);
#1831=ADVANCED_FACE('',(#1195),#57,.T.);
#1832=ADVANCED_FACE('',(#1196),#27,.T.);
#1833=ADVANCED_FACE('',(#1197),#58,.T.);
#1834=ADVANCED_FACE('',(#1198),#59,.T.);
#1835=ADVANCED_FACE('',(#1199),#60,.T.);
#1836=ADVANCED_FACE('',(#1200),#61,.T.);
#1837=ADVANCED_FACE('',(#1201),#62,.T.);
#1838=ADVANCED_FACE('',(#1202),#20,.T.);
#1839=ADVANCED_FACE('',(#1203),#63,.T.);
#1840=ADVANCED_FACE('',(#1204),#21,.T.);
#1841=ADVANCED_FACE('',(#1205),#64,.T.);
#1842=ADVANCED_FACE('',(#1206),#65,.T.);
#1843=ADVANCED_FACE('',(#1207),#66,.T.);
#1844=ADVANCED_FACE('',(#1208),#22,.T.);
#1845=ADVANCED_FACE('',(#1209),#67,.T.);
#1846=ADVANCED_FACE('',(#1210),#23,.T.);
#1847=ADVANCED_FACE('',(#1211),#68,.T.);
#1848=ADVANCED_FACE('',(#1212),#69,.T.);
#1849=ADVANCED_FACE('',(#1213),#70,.T.);
#1850=CLOSED_SHELL('',(#1775,#1776,#1777,#1778,#1779,#1780,#1781,#1782,
#1783,#1784,#1785,#1786,#1787,#1788,#1789,#1790,#1791,#1792,#1793,#1794,
#1795,#1796,#1797,#1798,#1799,#1800,#1801,#1802,#1803,#1804,#1805,#1806,
#1807,#1808,#1809,#1810,#1811,#1812,#1813,#1814,#1815,#1816,#1817,#1818,
#1819,#1820,#1821,#1822,#1823,#1824,#1825,#1826,#1827,#1828,#1829,#1830,
#1831,#1832,#1833,#1834,#1835,#1836,#1837,#1838,#1839,#1840,#1841,#1842,
#1843,#1844,#1845,#1846,#1847,#1848,#1849));
#1851=MANIFOLD_SOLID_BREP('',#1850);
#1852=SHAPE_DEFINITION_REPRESENTATION(#2822,#1853);
#1853=SHAPE_REPRESENTATION('SM8S26A',(#1854),#2817);
#1854=AXIS2_PLACEMENT_3D('',#2377,#1988,#1989);
#1855=AXIS2_PLACEMENT_3D('',#2378,#1990,#1991);
#1856=AXIS2_PLACEMENT_3D('',#2387,#1996,#1997);
#1857=AXIS2_PLACEMENT_3D('',#2391,#1999,#2000);
#1858=AXIS2_PLACEMENT_3D('',#2406,#2008,#2009);
#1859=AXIS2_PLACEMENT_3D('',#2420,#2017,#2018);
#1860=AXIS2_PLACEMENT_3D('',#2423,#2020,#2021);
#1861=AXIS2_PLACEMENT_3D('',#2436,#2028,#2029);
#1862=AXIS2_PLACEMENT_3D('',#2444,#2033,#2034);
#1863=AXIS2_PLACEMENT_3D('',#2448,#2036,#2037);
#1864=AXIS2_PLACEMENT_3D('',#2452,#2039,#2040);
#1865=AXIS2_PLACEMENT_3D('',#2456,#2042,#2043);
#1866=AXIS2_PLACEMENT_3D('',#2457,#2044,#2045);
#1867=AXIS2_PLACEMENT_3D('',#2470,#2052,#2053);
#1868=AXIS2_PLACEMENT_3D('',#2474,#2056,#2057);
#1869=AXIS2_PLACEMENT_3D('',#2483,#2062,#2063);
#1870=AXIS2_PLACEMENT_3D('',#2484,#2064,#2065);
#1871=AXIS2_PLACEMENT_3D('',#2497,#2072,#2073);
#1872=AXIS2_PLACEMENT_3D('',#2503,#2076,#2077);
#1873=AXIS2_PLACEMENT_3D('',#2513,#2083,#2084);
#1874=AXIS2_PLACEMENT_3D('',#2522,#2089,#2090);
#1875=AXIS2_PLACEMENT_3D('',#2524,#2092,#2093);
#1876=AXIS2_PLACEMENT_3D('',#2533,#2098,#2099);
#1877=AXIS2_PLACEMENT_3D('',#2537,#2103,#2104);
#1878=AXIS2_PLACEMENT_3D('',#2538,#2105,#2106);
#1879=AXIS2_PLACEMENT_3D('',#2539,#2107,#2108);
#1880=AXIS2_PLACEMENT_3D('',#2540,#2109,#2110);
#1881=AXIS2_PLACEMENT_3D('',#2547,#2115,#2116);
#1882=AXIS2_PLACEMENT_3D('',#2553,#2120,#2121);
#1883=AXIS2_PLACEMENT_3D('',#2559,#2125,#2126);
#1884=AXIS2_PLACEMENT_3D('',#2565,#2130,#2131);
#1885=AXIS2_PLACEMENT_3D('',#2574,#2136,#2137);
#1886=AXIS2_PLACEMENT_3D('',#2575,#2138,#2139);
#1887=AXIS2_PLACEMENT_3D('',#2577,#2140,#2141);
#1888=AXIS2_PLACEMENT_3D('',#2580,#2143,#2144);
#1889=AXIS2_PLACEMENT_3D('',#2583,#2147,#2148);
#1890=AXIS2_PLACEMENT_3D('',#2584,#2149,#2150);
#1891=AXIS2_PLACEMENT_3D('',#2586,#2151,#2152);
#1892=AXIS2_PLACEMENT_3D('',#2589,#2154,#2155);
#1893=AXIS2_PLACEMENT_3D('',#2595,#2159,#2160);
#1894=AXIS2_PLACEMENT_3D('',#2596,#2161,#2162);
#1895=AXIS2_PLACEMENT_3D('',#2598,#2163,#2164);
#1896=AXIS2_PLACEMENT_3D('',#2601,#2166,#2167);
#1897=AXIS2_PLACEMENT_3D('',#2607,#2171,#2172);
#1898=AXIS2_PLACEMENT_3D('',#2608,#2173,#2174);
#1899=AXIS2_PLACEMENT_3D('',#2609,#2175,#2176);
#1900=AXIS2_PLACEMENT_3D('',#2610,#2177,#2178);
#1901=AXIS2_PLACEMENT_3D('',#2611,#2179,#2180);
#1902=AXIS2_PLACEMENT_3D('',#2612,#2181,#2182);
#1903=AXIS2_PLACEMENT_3D('',#2613,#2183,#2184);
#1904=AXIS2_PLACEMENT_3D('',#2614,#2185,#2186);
#1905=AXIS2_PLACEMENT_3D('',#2623,#2191,#2192);
#1906=AXIS2_PLACEMENT_3D('',#2624,#2193,#2194);
#1907=AXIS2_PLACEMENT_3D('',#2626,#2195,#2196);
#1908=AXIS2_PLACEMENT_3D('',#2629,#2198,#2199);
#1909=AXIS2_PLACEMENT_3D('',#2632,#2202,#2203);
#1910=AXIS2_PLACEMENT_3D('',#2638,#2207,#2208);
#1911=AXIS2_PLACEMENT_3D('',#2639,#2209,#2210);
#1912=AXIS2_PLACEMENT_3D('',#2641,#2211,#2212);
#1913=AXIS2_PLACEMENT_3D('',#2644,#2214,#2215);
#1914=AXIS2_PLACEMENT_3D('',#2650,#2219,#2220);
#1915=AXIS2_PLACEMENT_3D('',#2651,#2221,#2222);
#1916=AXIS2_PLACEMENT_3D('',#2653,#2223,#2224);
#1917=AXIS2_PLACEMENT_3D('',#2656,#2226,#2227);
#1918=AXIS2_PLACEMENT_3D('',#2662,#2231,#2232);
#1919=AXIS2_PLACEMENT_3D('',#2668,#2236,#2237);
#1920=AXIS2_PLACEMENT_3D('',#2674,#2241,#2242);
#1921=AXIS2_PLACEMENT_3D('',#2675,#2243,#2244);
#1922=AXIS2_PLACEMENT_3D('',#2676,#2245,#2246);
#1923=AXIS2_PLACEMENT_3D('',#2677,#2247,#2248);
#1924=AXIS2_PLACEMENT_3D('',#2678,#2249,#2250);
#1925=AXIS2_PLACEMENT_3D('',#2679,#2251,#2252);
#1926=AXIS2_PLACEMENT_3D('',#2680,#2253,#2254);
#1927=AXIS2_PLACEMENT_3D('',#2681,#2255,#2256);
#1928=AXIS2_PLACEMENT_3D('',#2682,#2257,#2258);
#1929=AXIS2_PLACEMENT_3D('',#2683,#2259,#2260);
#1930=AXIS2_PLACEMENT_3D('',#2684,#2261,#2262);
#1931=AXIS2_PLACEMENT_3D('',#2685,#2263,#2264);
#1932=AXIS2_PLACEMENT_3D('',#2686,#2265,#2266);
#1933=AXIS2_PLACEMENT_3D('',#2687,#2267,#2268);
#1934=AXIS2_PLACEMENT_3D('',#2688,#2269,#2270);
#1935=AXIS2_PLACEMENT_3D('',#2689,#2271,#2272);
#1936=AXIS2_PLACEMENT_3D('',#2690,#2273,#2274);
#1937=AXIS2_PLACEMENT_3D('',#2691,#2275,#2276);
#1938=AXIS2_PLACEMENT_3D('',#2692,#2277,#2278);
#1939=AXIS2_PLACEMENT_3D('',#2693,#2279,#2280);
#1940=AXIS2_PLACEMENT_3D('',#2694,#2281,#2282);
#1941=AXIS2_PLACEMENT_3D('',#2695,#2283,#2284);
#1942=AXIS2_PLACEMENT_3D('',#2696,#2285,#2286);
#1943=AXIS2_PLACEMENT_3D('',#2704,#2287,#2288);
#1944=AXIS2_PLACEMENT_3D('',#2705,#2289,#2290);
#1945=AXIS2_PLACEMENT_3D('',#2706,#2291,#2292);
#1946=AXIS2_PLACEMENT_3D('',#2717,#2293,#2294);
#1947=AXIS2_PLACEMENT_3D('',#2722,#2295,#2296);
#1948=AXIS2_PLACEMENT_3D('',#2735,#2297,#2298);
#1949=AXIS2_PLACEMENT_3D('',#2736,#2299,#2300);
#1950=AXIS2_PLACEMENT_3D('',#2737,#2301,#2302);
#1951=AXIS2_PLACEMENT_3D('',#2750,#2303,#2304);
#1952=AXIS2_PLACEMENT_3D('',#2751,#2305,#2306);
#1953=AXIS2_PLACEMENT_3D('',#2752,#2307,#2308);
#1954=AXIS2_PLACEMENT_3D('',#2758,#2309,#2310);
#1955=AXIS2_PLACEMENT_3D('',#2759,#2311,#2312);
#1956=AXIS2_PLACEMENT_3D('',#2771,#2313,#2314);
#1957=AXIS2_PLACEMENT_3D('',#2772,#2315,#2316);
#1958=AXIS2_PLACEMENT_3D('',#2778,#2317,#2318);
#1959=AXIS2_PLACEMENT_3D('',#2783,#2319,#2320);
#1960=AXIS2_PLACEMENT_3D('',#2784,#2321,#2322);
#1961=AXIS2_PLACEMENT_3D('',#2789,#2323,#2324);
#1962=AXIS2_PLACEMENT_3D('',#2790,#2325,#2326);
#1963=AXIS2_PLACEMENT_3D('',#2791,#2327,#2328);
#1964=AXIS2_PLACEMENT_3D('',#2792,#2329,#2330);
#1965=AXIS2_PLACEMENT_3D('',#2793,#2331,#2332);
#1966=AXIS2_PLACEMENT_3D('',#2794,#2333,#2334);
#1967=AXIS2_PLACEMENT_3D('',#2795,#2335,#2336);
#1968=AXIS2_PLACEMENT_3D('',#2796,#2337,#2338);
#1969=AXIS2_PLACEMENT_3D('',#2797,#2339,#2340);
#1970=AXIS2_PLACEMENT_3D('',#2798,#2341,#2342);
#1971=AXIS2_PLACEMENT_3D('',#2799,#2343,#2344);
#1972=AXIS2_PLACEMENT_3D('',#2800,#2345,#2346);
#1973=AXIS2_PLACEMENT_3D('',#2801,#2347,#2348);
#1974=AXIS2_PLACEMENT_3D('',#2802,#2349,#2350);
#1975=AXIS2_PLACEMENT_3D('',#2803,#2351,#2352);
#1976=AXIS2_PLACEMENT_3D('',#2804,#2353,#2354);
#1977=AXIS2_PLACEMENT_3D('',#2805,#2355,#2356);
#1978=AXIS2_PLACEMENT_3D('',#2806,#2357,#2358);
#1979=AXIS2_PLACEMENT_3D('',#2807,#2359,#2360);
#1980=AXIS2_PLACEMENT_3D('',#2808,#2361,#2362);
#1981=AXIS2_PLACEMENT_3D('',#2809,#2363,#2364);
#1982=AXIS2_PLACEMENT_3D('',#2810,#2365,#2366);
#1983=AXIS2_PLACEMENT_3D('',#2811,#2367,#2368);
#1984=AXIS2_PLACEMENT_3D('',#2812,#2369,#2370);
#1985=AXIS2_PLACEMENT_3D('',#2813,#2371,#2372);
#1986=AXIS2_PLACEMENT_3D('',#2814,#2373,#2374);
#1987=AXIS2_PLACEMENT_3D('',#2815,#2375,#2376);
#1988=DIRECTION('',(0.,0.,1.));
#1989=DIRECTION('',(1.,0.,0.));
#1990=DIRECTION('',(-4.61961565183852E-16,-1.,0.));
#1991=DIRECTION('',(1.,-4.61961565183852E-16,0.));
#1992=DIRECTION('',(1.,-4.61961565183852E-16,4.34574753925392E-16));
#1993=DIRECTION('',(0.,0.,-1.));
#1994=DIRECTION('',(-1.,0.,0.));
#1995=DIRECTION('',(0.,0.,-1.));
#1996=DIRECTION('',(1.,0.,0.));
#1997=DIRECTION('',(0.,0.,-1.));
#1998=DIRECTION('',(0.,-1.,0.));
#1999=DIRECTION('',(1.,0.,0.));
#2000=DIRECTION('',(0.,0.,1.));
#2001=DIRECTION('',(0.,0.,-1.));
#2002=DIRECTION('',(0.,-1.,0.));
#2003=DIRECTION('',(0.,0.,1.));
#2004=DIRECTION('',(0.,-1.,0.));
#2005=DIRECTION('',(0.,0.,1.));
#2006=DIRECTION('',(0.,-1.,0.));
#2007=DIRECTION('',(0.,0.,-1.));
#2008=DIRECTION('',(0.,0.,-1.));
#2009=DIRECTION('',(-1.,0.,0.));
#2010=DIRECTION('',(0.,1.,0.));
#2011=DIRECTION('',(1.,0.,0.));
#2012=DIRECTION('',(-1.,0.,0.));
#2013=DIRECTION('',(0.,-1.,0.));
#2014=DIRECTION('',(-1.,0.,0.));
#2015=DIRECTION('',(2.34401010402235E-16,1.,0.));
#2016=DIRECTION('',(-1.,8.76344471864728E-16,0.));
#2017=DIRECTION('',(-1.,0.,0.));
#2018=DIRECTION('',(0.,0.,1.));
#2019=DIRECTION('',(0.,0.,-1.));
#2020=DIRECTION('',(-1.,0.,0.));
#2021=DIRECTION('',(0.,1.57443745116616E-16,-1.));
#2022=DIRECTION('',(0.,-1.,0.));
#2023=DIRECTION('',(0.,0.,-1.));
#2024=DIRECTION('',(0.,1.,0.));
#2025=DIRECTION('',(0.,0.,-1.));
#2026=DIRECTION('',(0.,1.,0.));
#2027=DIRECTION('',(0.,0.,-1.));
#2028=DIRECTION('',(0.,0.,-1.));
#2029=DIRECTION('',(-1.,0.,0.));
#2030=DIRECTION('',(0.,-1.,0.));
#2031=DIRECTION('',(1.,0.,0.));
#2032=DIRECTION('',(0.,-1.,0.));
#2033=DIRECTION('',(0.,0.,-1.));
#2034=DIRECTION('',(-1.,0.,0.));
#2035=DIRECTION('',(2.34401010402235E-16,1.,0.));
#2036=DIRECTION('',(0.,0.,-1.));
#2037=DIRECTION('',(2.34401010402235E-16,1.,0.));
#2038=DIRECTION('',(-1.,0.,0.));
#2039=DIRECTION('',(0.,0.,-1.));
#2040=DIRECTION('',(0.,-1.,0.));
#2041=DIRECTION('',(0.,-1.,0.));
#2042=DIRECTION('',(0.,0.,-1.));
#2043=DIRECTION('',(-1.,0.,0.));
#2044=DIRECTION('',(0.,1.,0.));
#2045=DIRECTION('',(0.,0.,1.));
#2046=DIRECTION('',(0.,0.,-1.));
#2047=DIRECTION('',(1.,0.,0.));
#2048=DIRECTION('',(0.,0.,-1.));
#2049=DIRECTION('',(-0.176828519357151,0.,-0.984241674967057));
#2050=DIRECTION('',(1.,0.,0.));
#2051=DIRECTION('',(0.176828519357151,0.,-0.984241674967057));
#2052=DIRECTION('',(0.,-1.,0.));
#2053=DIRECTION('',(0.,0.,-1.));
#2054=DIRECTION('',(-0.176828519357151,0.,0.984241674967057));
#2055=DIRECTION('',(0.,0.,-1.));
#2056=DIRECTION('',(-4.61961565183852E-16,-1.,0.));
#2057=DIRECTION('',(1.,-4.61961565183852E-16,0.));
#2058=DIRECTION('',(-1.,0.,0.));
#2059=DIRECTION('',(0.,0.,-1.));
#2060=DIRECTION('',(1.,-4.61961565183852E-16,4.34574753925392E-16));
#2061=DIRECTION('',(0.,0.,-1.));
#2062=DIRECTION('',(1.,0.,0.));
#2063=DIRECTION('',(0.,0.,-1.));
#2064=DIRECTION('',(1.,0.,0.));
#2065=DIRECTION('',(0.,0.,1.));
#2066=DIRECTION('',(0.,-1.,0.));
#2067=DIRECTION('',(0.,-0.144116827925674,-0.989560680255962));
#2068=DIRECTION('',(0.,0.,-1.));
#2069=DIRECTION('',(0.,0.728367266162607,-0.685186927475131));
#2070=DIRECTION('',(0.,1.,0.));
#2071=DIRECTION('',(0.,0.195183193713462,-0.980766802502926));
#2072=DIRECTION('',(-1.,2.34401010402235E-16,0.));
#2073=DIRECTION('',(-2.34401010402235E-16,-1.,0.));
#2074=DIRECTION('',(3.37811300817431E-17,0.144116827925674,0.989560680255962));
#2075=DIRECTION('',(2.34401010402235E-16,1.,0.));
#2076=DIRECTION('',(-1.,2.34401010402235E-16,0.));
#2077=DIRECTION('',(2.70337827565094E-32,1.15331340552326E-16,-1.));
#2078=DIRECTION('',(0.,0.,-1.));
#2079=DIRECTION('',(-4.57511378199706E-17,-0.195183193713462,0.980766802502926));
#2080=DIRECTION('',(-2.34401010402235E-16,-1.,0.));
#2081=DIRECTION('',(-1.70730023132429E-16,-0.728367266162607,0.685186927475131));
#2082=DIRECTION('',(0.,0.,-1.));
#2083=DIRECTION('',(0.,0.,-1.));
#2084=DIRECTION('',(-1.,0.,0.));
#2085=DIRECTION('',(1.,0.,0.));
#2086=DIRECTION('',(0.,1.,0.));
#2087=DIRECTION('',(1.,0.,0.));
#2088=DIRECTION('',(0.,-1.,0.));
#2089=DIRECTION('',(-8.76344471864728E-16,-1.,0.));
#2090=DIRECTION('',(1.,-8.76344471864728E-16,0.));
#2091=DIRECTION('',(0.176828519357151,-1.54962695406664E-16,0.984241674967057));
#2092=DIRECTION('',(0.,0.,-1.));
#2093=DIRECTION('',(-1.,0.,0.));
#2094=DIRECTION('',(-1.,0.,0.));
#2095=DIRECTION('',(0.,1.,0.));
#2096=DIRECTION('',(-1.,0.,0.));
#2097=DIRECTION('',(-2.34401010402235E-16,-1.,0.));
#2098=DIRECTION('',(0.,-0.685186927475131,-0.728367266162607));
#2099=DIRECTION('',(0.,0.728367266162607,-0.685186927475131));
#2100=DIRECTION('',(0.,0.728367266162607,-0.685186927475131));
#2101=DIRECTION('',(-1.,0.,0.));
#2102=DIRECTION('',(-1.70730023132429E-16,-0.728367266162607,0.685186927475131));
#2103=DIRECTION('',(0.,-0.980766802502926,-0.195183193713462));
#2104=DIRECTION('',(0.,0.195183193713462,-0.980766802502926));
#2105=DIRECTION('',(0.,-0.980766802502926,-0.195183193713462));
#2106=DIRECTION('',(0.,0.195183193713462,-0.980766802502926));
#2107=DIRECTION('',(0.,-0.980766802502926,-0.195183193713462));
#2108=DIRECTION('',(-1.20092824562727E-15,-0.195183193713462,0.980766802502926));
#2109=DIRECTION('',(0.,-0.989560680255962,0.144116827925674));
#2110=DIRECTION('',(0.,-0.144116827925674,-0.989560680255962));
#2111=DIRECTION('',(0.,-0.144116827925674,-0.989560680255962));
#2112=DIRECTION('',(-1.,0.,0.));
#2113=DIRECTION('',(3.37811300817431E-17,0.144116827925674,0.989560680255962));
#2114=DIRECTION('',(-1.,0.,0.));
#2115=DIRECTION('',(0.984241674967057,0.,0.176828519357151));
#2116=DIRECTION('',(0.176828519357151,0.,-0.984241674967057));
#2117=DIRECTION('',(0.,-1.,0.));
#2118=DIRECTION('',(-0.176828519357151,0.,0.984241674967057));
#2119=DIRECTION('',(0.176828519357151,0.,-0.984241674967057));
#2120=DIRECTION('',(0.984241674967057,0.,-0.176828519357151));
#2121=DIRECTION('',(-0.176828519357151,0.,-0.984241674967057));
#2122=DIRECTION('',(0.176828519357151,-1.54962695406664E-16,0.984241674967057));
#2123=DIRECTION('',(0.,-1.,0.));
#2124=DIRECTION('',(-0.176828519357151,0.,-0.984241674967057));
#2125=DIRECTION('',(-6.02334540269725E-18,0.,1.));
#2126=DIRECTION('',(1.,0.,6.02334540269725E-18));
#2127=DIRECTION('',(1.,0.,6.02334540269725E-18));
#2128=DIRECTION('',(1.,0.,6.02334540269725E-18));
#2129=DIRECTION('',(0.,1.,0.));
#2130=DIRECTION('',(-1.,0.,0.));
#2131=DIRECTION('',(0.,0.,1.));
#2132=DIRECTION('',(0.,0.,1.));
#2133=DIRECTION('',(0.,1.,0.));
#2134=DIRECTION('',(0.,0.,1.));
#2135=DIRECTION('',(0.,1.,0.));
#2136=DIRECTION('',(0.,1.,0.));
#2137=DIRECTION('',(0.,0.,1.));
#2138=DIRECTION('',(0.,1.,0.));
#2139=DIRECTION('',(1.,0.,0.));
#2140=DIRECTION('',(0.,1.,0.));
#2141=DIRECTION('',(1.,0.,0.));
#2142=DIRECTION('',(0.,1.,0.));
#2143=DIRECTION('',(-6.02334540269725E-18,0.,1.));
#2144=DIRECTION('',(1.,0.,6.02334540269725E-18));
#2145=DIRECTION('',(1.,0.,6.02334540269725E-18));
#2146=DIRECTION('',(1.,0.,6.02334540269725E-18));
#2147=DIRECTION('',(0.,1.,0.));
#2148=DIRECTION('',(0.,0.,1.));
#2149=DIRECTION('',(0.,1.,0.));
#2150=DIRECTION('',(-1.,0.,0.));
#2151=DIRECTION('',(0.,1.,0.));
#2152=DIRECTION('',(-1.,0.,0.));
#2153=DIRECTION('',(0.,1.,0.));
#2154=DIRECTION('',(1.,0.,8.50712485254231E-16));
#2155=DIRECTION('',(8.50712485254231E-16,0.,-1.));
#2156=DIRECTION('',(8.50712485254231E-16,0.,-1.));
#2157=DIRECTION('',(8.50712485254231E-16,0.,-1.));
#2158=DIRECTION('',(0.,1.,0.));
#2159=DIRECTION('',(0.,1.,0.));
#2160=DIRECTION('',(0.,0.,1.));
#2161=DIRECTION('',(0.,1.,0.));
#2162=DIRECTION('',(-1.,0.,0.));
#2163=DIRECTION('',(0.,1.,0.));
#2164=DIRECTION('',(-1.,0.,0.));
#2165=DIRECTION('',(0.,1.,0.));
#2166=DIRECTION('',(4.8186763221578E-17,0.,-1.));
#2167=DIRECTION('',(-1.,0.,-4.8186763221578E-17));
#2168=DIRECTION('',(-1.,0.,-4.8186763221578E-17));
#2169=DIRECTION('',(-1.,0.,-4.8186763221578E-17));
#2170=DIRECTION('',(0.,1.,0.));
#2171=DIRECTION('',(0.,1.,0.));
#2172=DIRECTION('',(0.,0.,1.));
#2173=DIRECTION('',(0.,1.,0.));
#2174=DIRECTION('',(1.,0.,0.));
#2175=DIRECTION('',(0.,1.,0.));
#2176=DIRECTION('',(1.,0.,0.));
#2177=DIRECTION('',(0.,1.,0.));
#2178=DIRECTION('',(0.,0.,1.));
#2179=DIRECTION('',(0.,1.,0.));
#2180=DIRECTION('',(0.,0.,1.));
#2181=DIRECTION('',(0.,1.,0.));
#2182=DIRECTION('',(0.,0.,1.));
#2183=DIRECTION('',(0.,1.,0.));
#2184=DIRECTION('',(0.,0.,1.));
#2185=DIRECTION('',(0.,-1.,0.));
#2186=DIRECTION('',(0.,0.,-1.));
#2187=DIRECTION('',(0.,0.,1.));
#2188=DIRECTION('',(-1.,0.,0.));
#2189=DIRECTION('',(0.,0.,1.));
#2190=DIRECTION('',(-1.,0.,0.));
#2191=DIRECTION('',(-1.,0.,0.));
#2192=DIRECTION('',(0.,0.,1.));
#2193=DIRECTION('',(-1.,6.12303176911189E-17,0.));
#2194=DIRECTION('',(6.12303176911189E-17,1.,0.));
#2195=DIRECTION('',(-1.,6.12303176911189E-17,0.));
#2196=DIRECTION('',(6.12303176911189E-17,1.,0.));
#2197=DIRECTION('',(-1.,0.,0.));
#2198=DIRECTION('',(0.,2.88875056982053E-16,1.));
#2199=DIRECTION('',(0.,-1.,2.88875056982053E-16));
#2200=DIRECTION('',(6.12303176911189E-17,1.,-2.88875056982053E-16));
#2201=DIRECTION('',(6.12303176911189E-17,1.,-2.88875056982053E-16));
#2202=DIRECTION('',(0.,-0.00626571840595132,-0.999980370193764));
#2203=DIRECTION('',(0.,0.999980370193764,-0.00626571840595132));
#2204=DIRECTION('',(-6.12291157518468E-17,-0.999980370193764,0.00626571840595132));
#2205=DIRECTION('',(-6.12291157518468E-17,-0.999980370193764,0.00626571840595132));
#2206=DIRECTION('',(-1.,0.,0.));
#2207=DIRECTION('',(-1.,0.,0.));
#2208=DIRECTION('',(0.,0.,1.));
#2209=DIRECTION('',(1.,-6.12303176911189E-17,0.));
#2210=DIRECTION('',(6.12303176911189E-17,1.,0.));
#2211=DIRECTION('',(1.,-6.12303176911189E-17,0.));
#2212=DIRECTION('',(6.12303176911189E-17,1.,0.));
#2213=DIRECTION('',(-1.,0.,0.));
#2214=DIRECTION('',(0.,1.,0.));
#2215=DIRECTION('',(0.,0.,1.));
#2216=DIRECTION('',(0.,0.,-1.));
#2217=DIRECTION('',(0.,0.,-1.));
#2218=DIRECTION('',(-1.,0.,0.));
#2219=DIRECTION('',(-1.,0.,0.));
#2220=DIRECTION('',(0.,0.,1.));
#2221=DIRECTION('',(1.,-6.12303176911189E-17,0.));
#2222=DIRECTION('',(6.12303176911189E-17,1.,0.));
#2223=DIRECTION('',(1.,-6.12303176911189E-17,0.));
#2224=DIRECTION('',(6.12303176911189E-17,1.,0.));
#2225=DIRECTION('',(-1.,0.,0.));
#2226=DIRECTION('',(0.,3.90252069172204E-16,1.));
#2227=DIRECTION('',(0.,-1.,3.90252069172204E-16));
#2228=DIRECTION('',(6.12303176911189E-17,1.,-3.90252069172204E-16));
#2229=DIRECTION('',(6.12303176911189E-17,1.,-3.90252069172204E-16));
#2230=DIRECTION('',(-1.,0.,0.));
#2231=DIRECTION('',(0.,1.,0.));
#2232=DIRECTION('',(0.,0.,1.));
#2233=DIRECTION('',(0.,0.,-1.));
#2234=DIRECTION('',(0.,0.,-1.));
#2235=DIRECTION('',(-1.,0.,0.));
#2236=DIRECTION('',(0.,3.60394297491232E-16,-1.));
#2237=DIRECTION('',(0.,1.,3.60394297491232E-16));
#2238=DIRECTION('',(-6.12303176911189E-17,-1.,-3.60394297491232E-16));
#2239=DIRECTION('',(-6.12303176911189E-17,-1.,-3.60394297491232E-16));
#2240=DIRECTION('',(-1.,0.,0.));
#2241=DIRECTION('',(-1.,0.,0.));
#2242=DIRECTION('',(0.,0.,1.));
#2243=DIRECTION('',(-1.,6.12303176911189E-17,0.));
#2244=DIRECTION('',(6.12303176911189E-17,1.,0.));
#2245=DIRECTION('',(-1.,6.12303176911189E-17,0.));
#2246=DIRECTION('',(6.12303176911189E-17,1.,0.));
#2247=DIRECTION('',(-1.,6.12303176911189E-17,0.));
#2248=DIRECTION('',(-6.12303176911189E-17,-1.,0.));
#2249=DIRECTION('',(-1.,6.12303176911189E-17,0.));
#2250=DIRECTION('',(-6.12303176911189E-17,-1.,0.));
#2251=DIRECTION('',(3.37811300817431E-17,0.144116827925674,0.989560680255962));
#2252=DIRECTION('',(0.,-0.989560680255962,0.144116827925674));
#2253=DIRECTION('',(1.68459608410566E-17,0.071868123828258,0.997414143060648));
#2254=DIRECTION('',(0.,0.997414143060648,-0.071868123828258));
#2255=DIRECTION('',(1.69348198650533E-17,0.0722472135934608,0.997386755540688));
#2256=DIRECTION('',(2.33788463260545E-16,0.997386755540688,-0.072247213593461));
#2257=DIRECTION('',(0.,0.,-1.));
#2258=DIRECTION('',(-1.,0.,0.));
#2259=DIRECTION('',(9.29974115132705E-17,0.396744925944157,-0.917928899064391));
#2260=DIRECTION('',(-2.15163461418105E-16,-0.917928899064391,-0.396744925944157));
#2261=DIRECTION('',(-1.70730023132429E-16,-0.728367266162607,0.685186927475131));
#2262=DIRECTION('',(0.,-0.685186927475131,-0.728367266162607));
#2263=DIRECTION('',(-2.17902642946141E-16,-0.929614776712001,0.368532721639065));
#2264=DIRECTION('',(8.63844423184825E-17,0.368532721639065,0.929614776712001));
#2265=DIRECTION('',(-2.34401010402235E-16,-1.,0.));
#2266=DIRECTION('',(1.,-2.34401010402235E-16,0.));
#2267=DIRECTION('',(0.,-0.144116827925674,-0.989560680255962));
#2268=DIRECTION('',(0.,0.989560680255962,-0.144116827925674));
#2269=DIRECTION('',(0.,0.071868123828258,0.997414143060648));
#2270=DIRECTION('',(0.,-0.997414143060648,0.071868123828258));
#2271=DIRECTION('',(0.,-0.0722472135934608,-0.997386755540688));
#2272=DIRECTION('',(0.,-0.997386755540688,0.072247213593461));
#2273=DIRECTION('',(0.,0.,-1.));
#2274=DIRECTION('',(-1.,0.,0.));
#2275=DIRECTION('',(0.,0.396744925944157,-0.917928899064391));
#2276=DIRECTION('',(0.,-0.917928899064391,-0.396744925944157));
#2277=DIRECTION('',(0.,0.728367266162607,-0.685186927475131));
#2278=DIRECTION('',(0.,0.685186927475131,0.728367266162607));
#2279=DIRECTION('',(0.,0.929614776712001,-0.368532721639065));
#2280=DIRECTION('',(0.,-0.368532721639065,-0.929614776712001));
#2281=DIRECTION('',(0.,1.,0.));
#2282=DIRECTION('',(0.,0.,1.));
#2283=DIRECTION('',(1.,0.,0.));
#2284=DIRECTION('',(0.,0.,-1.));
#2285=DIRECTION('',(-1.,0.,0.));
#2286=DIRECTION('',(0.,0.,1.));
#2287=DIRECTION('',(0.707106781186548,0.707106781186547,0.));
#2288=DIRECTION('',(0.707106781186548,-0.707106781186547,0.));
#2289=DIRECTION('',(0.,0.,-1.));
#2290=DIRECTION('',(-1.,0.,0.));
#2291=DIRECTION('',(0.,1.,0.));
#2292=DIRECTION('',(0.,0.,1.));
#2293=DIRECTION('',(0.,1.,0.));
#2294=DIRECTION('',(0.,0.,1.));
#2295=DIRECTION('',(0.,-1.,0.));
#2296=DIRECTION('',(0.,0.,-1.));
#2297=DIRECTION('',(-1.,0.,0.));
#2298=DIRECTION('',(0.,0.,1.));
#2299=DIRECTION('',(1.,0.,0.));
#2300=DIRECTION('',(0.,0.,-1.));
#2301=DIRECTION('',(-1.,3.8500023909976E-16,2.64355734153928E-15));
#2302=DIRECTION('',(2.64355734153928E-15,0.,1.));
#2303=DIRECTION('',(0.,1.,0.));
#2304=DIRECTION('',(0.,0.,1.));
#2305=DIRECTION('',(-2.34401010402235E-16,-1.,0.));
#2306=DIRECTION('',(1.,-2.34401010402235E-16,0.));
#2307=DIRECTION('',(0.,1.,0.));
#2308=DIRECTION('',(0.,0.,1.));
#2309=DIRECTION('',(0.,0.,-1.));
#2310=DIRECTION('',(-1.,0.,0.));
#2311=DIRECTION('',(1.,0.,0.));
#2312=DIRECTION('',(0.,0.,-1.));
#2313=DIRECTION('',(1.,-8.76344471864728E-16,0.));
#2314=DIRECTION('',(8.76344471864728E-16,1.,0.));
#2315=DIRECTION('',(0.707106781186547,-0.707106781186548,0.));
#2316=DIRECTION('',(0.707106781186548,0.707106781186547,0.));
#2317=DIRECTION('',(0.,1.,0.));
#2318=DIRECTION('',(0.,0.,1.));
#2319=DIRECTION('',(0.,1.,0.));
#2320=DIRECTION('',(0.,0.,1.));
#2321=DIRECTION('',(0.,-1.,0.));
#2322=DIRECTION('',(0.,0.,-1.));
#2323=DIRECTION('',(0.,-1.,0.));
#2324=DIRECTION('',(0.,0.,-1.));
#2325=DIRECTION('',(0.,0.,-1.));
#2326=DIRECTION('',(-1.,0.,0.));
#2327=DIRECTION('',(0.,0.,-1.));
#2328=DIRECTION('',(-1.,0.,0.));
#2329=DIRECTION('',(0.0887646467715135,0.,0.996052627868391));
#2330=DIRECTION('',(0.996052627868391,0.,-0.0887646467715125));
#2331=DIRECTION('',(0.176828519357151,0.,0.984241674967057));
#2332=DIRECTION('',(0.984241674967057,0.,-0.176828519357151));
#2333=DIRECTION('',(0.176828519357151,0.,0.984241674967057));
#2334=DIRECTION('',(0.984241674967057,0.,-0.176828519357151));
#2335=DIRECTION('',(0.,1.,0.));
#2336=DIRECTION('',(0.,0.,1.));
#2337=DIRECTION('',(1.,0.,0.));
#2338=DIRECTION('',(0.,0.,-1.));
#2339=DIRECTION('',(-1.,0.,0.));
#2340=DIRECTION('',(0.,0.,1.));
#2341=DIRECTION('',(1.,0.,0.));
#2342=DIRECTION('',(0.,0.,-1.));
#2343=DIRECTION('',(0.,1.,0.));
#2344=DIRECTION('',(0.,0.,1.));
#2345=DIRECTION('',(0.17682851935715,0.,-0.984241674967057));
#2346=DIRECTION('',(-0.984241674967057,0.,-0.17682851935715));
#2347=DIRECTION('',(0.176828519357151,0.,-0.984241674967057));
#2348=DIRECTION('',(-0.984241674967057,0.,-0.176828519357151));
#2349=DIRECTION('',(0.0887646467715135,0.,-0.996052627868391));
#2350=DIRECTION('',(0.996052627868392,0.,0.0887646467715125));
#2351=DIRECTION('',(0.,0.,-1.));
#2352=DIRECTION('',(-1.,0.,0.));
#2353=DIRECTION('',(0.,0.,-1.));
#2354=DIRECTION('',(-1.,0.,0.));
#2355=DIRECTION('',(0.,-1.,0.));
#2356=DIRECTION('',(0.,0.,-1.));
#2357=DIRECTION('',(0.,1.,0.));
#2358=DIRECTION('',(0.,0.,1.));
#2359=DIRECTION('',(0.,0.,-1.));
#2360=DIRECTION('',(-1.,0.,0.));
#2361=DIRECTION('',(-1.,0.,0.));
#2362=DIRECTION('',(0.,0.,1.));
#2363=DIRECTION('',(1.,0.,0.));
#2364=DIRECTION('',(0.,0.,-1.));
#2365=DIRECTION('',(-1.,0.,0.));
#2366=DIRECTION('',(0.,0.,1.));
#2367=DIRECTION('',(0.,0.,-1.));
#2368=DIRECTION('',(-1.,0.,0.));
#2369=DIRECTION('',(0.,-1.,0.));
#2370=DIRECTION('',(0.,0.,-1.));
#2371=DIRECTION('',(0.,1.,0.));
#2372=DIRECTION('',(0.,0.,1.));
#2373=DIRECTION('',(-0.176828519357151,0.,0.984241674967057));
#2374=DIRECTION('',(0.984241674967057,0.,0.176828519357151));
#2375=DIRECTION('',(-0.176828519357151,1.54962695406664E-16,-0.984241674967057));
#2376=DIRECTION('',(-0.984241674967057,0.,0.176828519357151));
#2377=CARTESIAN_POINT('',(0.,0.,0.));
#2378=CARTESIAN_POINT('',(-3.75512511584469,-6.75,2.45));
#2379=CARTESIAN_POINT('',(-3.75512511584469,-6.75,-0.0091923220101077));
#2380=CARTESIAN_POINT('',(1.4,-6.75,-0.00919232201010546));
#2381=CARTESIAN_POINT('',(3.42702111584469,-6.75,-0.00919232201010457));
#2382=CARTESIAN_POINT('',(3.42702111584469,-6.75,2.45));
#2383=CARTESIAN_POINT('',(3.42702111584469,-6.75,0.686978021981496));
#2384=CARTESIAN_POINT('',(8.53194753597662,-6.75,0.686978021981496));
#2385=CARTESIAN_POINT('',(1.4,-6.75,0.686978021981496));
#2386=CARTESIAN_POINT('',(1.4,-6.75,0.338892849985696));
#2387=CARTESIAN_POINT('',(4.25,6.75,2.45));
#2388=CARTESIAN_POINT('',(4.25,24.5053548877222,0.));
#2389=CARTESIAN_POINT('',(4.25,6.585948,0.));
#2390=CARTESIAN_POINT('',(4.25,-2.91842563906182,0.));
#2391=CARTESIAN_POINT('',(4.25,-2.91842563906181,-0.742197019333305));
#2392=CARTESIAN_POINT('',(4.25,-3.04966723906181,-0.742197019333305));
#2393=CARTESIAN_POINT('',(4.25,-3.04966723906181,2.45));
#2394=CARTESIAN_POINT('',(4.25,-3.04966723906181,-2.1494489024423));
#2395=CARTESIAN_POINT('',(4.25,6.75,-2.1494489024423));
#2396=CARTESIAN_POINT('',(4.25,-3.03323727204174,-2.1494489024423));
#2397=CARTESIAN_POINT('',(4.25,-3.03323727204174,2.45));
#2398=CARTESIAN_POINT('',(4.25,-3.03323727204174,-0.430429048564867));
#2399=CARTESIAN_POINT('',(4.25,6.75,-0.430429048564867));
#2400=CARTESIAN_POINT('',(4.25,5.80841975104556,-0.430429048564867));
#2401=CARTESIAN_POINT('',(4.25,5.80841975104556,2.45));
#2402=CARTESIAN_POINT('',(4.25,5.80841975104556,-1.9853969024423));
#2403=CARTESIAN_POINT('',(4.25,6.75,-1.9853969024423));
#2404=CARTESIAN_POINT('',(4.25,6.585948,-1.9853969024423));
#2405=CARTESIAN_POINT('',(4.25,6.585948,2.45));
#2406=CARTESIAN_POINT('',(0.,0.,-2.1494489024423));
#2407=CARTESIAN_POINT('',(-4.25,6.75,-2.1494489024423));
#2408=CARTESIAN_POINT('',(-4.25,-3.04966723906181,-2.1494489024423));
#2409=CARTESIAN_POINT('',(-4.25,-3.03323727204174,-2.1494489024423));
#2410=CARTESIAN_POINT('',(0.,-3.03323727204174,-2.1494489024423));
#2411=CARTESIAN_POINT('',(4.25,-3.04966723906181,-2.1494489024423));
#2412=CARTESIAN_POINT('',(3.75512511584469,-3.04966723906181,-2.1494489024423));
#2413=CARTESIAN_POINT('',(3.75512511584469,-3.04966723906181,-2.1494489024423));
#2414=CARTESIAN_POINT('',(3.75512511584469,-3.23183029069448,-2.1494489024423));
#2415=CARTESIAN_POINT('',(0.,-3.23183029069448,-2.1494489024423));
#2416=CARTESIAN_POINT('',(-3.75512511584469,-3.23183029069448,-2.1494489024423));
#2417=CARTESIAN_POINT('',(-3.75512511584469,-3.04966723906181,-2.1494489024423));
#2418=CARTESIAN_POINT('',(-3.75512511584469,-3.04966723906181,-2.1494489024423));
#2419=CARTESIAN_POINT('',(-4.25,-3.04966723906181,-2.1494489024423));
#2420=CARTESIAN_POINT('',(-4.25,6.75,2.45));
#2421=CARTESIAN_POINT('',(-4.25,-3.04966723906181,2.45));
#2422=CARTESIAN_POINT('',(-4.25,-3.04966723906181,-0.742197019333305));
#2423=CARTESIAN_POINT('',(-4.25,-2.91842563906181,-0.742197019333305));
#2424=CARTESIAN_POINT('',(-4.25,-2.91842563906181,0.));
#2425=CARTESIAN_POINT('',(-4.25,24.5053548877222,0.));
#2426=CARTESIAN_POINT('',(-4.25,6.585948,0.));
#2427=CARTESIAN_POINT('',(-4.25,6.585948,2.45));
#2428=CARTESIAN_POINT('',(-4.25,6.585948,-1.9853969024423));
#2429=CARTESIAN_POINT('',(-4.25,6.75,-1.9853969024423));
#2430=CARTESIAN_POINT('',(-4.25,5.80841975104556,-1.9853969024423));
#2431=CARTESIAN_POINT('',(-4.25,5.80841975104556,2.45));
#2432=CARTESIAN_POINT('',(-4.25,5.80841975104556,-0.430429048564867));
#2433=CARTESIAN_POINT('',(-4.25,6.75,-0.430429048564867));
#2434=CARTESIAN_POINT('',(-4.25,-3.03323727204174,-0.430429048564867));
#2435=CARTESIAN_POINT('',(-4.25,-3.03323727204174,2.45));
#2436=CARTESIAN_POINT('',(0.,0.,2.45));
#2437=CARTESIAN_POINT('',(3.67262879674704,6.75000000000001,2.45));
#2438=CARTESIAN_POINT('',(3.67262879674704,-2.90786661833208,2.45));
#2439=CARTESIAN_POINT('',(3.67262879674704,6.585948,2.45));
#2440=CARTESIAN_POINT('',(-3.67262879674704,6.585948,2.45));
#2441=CARTESIAN_POINT('',(-3.67262879674704,6.585948,2.45));
#2442=CARTESIAN_POINT('',(-3.67262879674704,0.,2.45));
#2443=CARTESIAN_POINT('',(-3.67262879674704,-2.90786661833208,2.45));
#2444=CARTESIAN_POINT('',(-3.75512511584469,-3.04966723906181,2.45));
#2445=CARTESIAN_POINT('',(-3.59107311584469,-3.04966723906181,2.45));
#2446=CARTESIAN_POINT('',(-3.59107311584469,-6.16167313268279,2.45));
#2447=CARTESIAN_POINT('',(-3.59107311584469,-6.18556520350431,2.45));
#2448=CARTESIAN_POINT('',(-3.42702111584469,-6.18556520350431,2.45));
#2449=CARTESIAN_POINT('',(-3.42702111584469,-6.35134786168103,2.45));
#2450=CARTESIAN_POINT('',(3.42702111584469,-6.35134786168103,2.45));
#2451=CARTESIAN_POINT('',(3.42702111584469,-6.35134786168103,2.45));
#2452=CARTESIAN_POINT('',(3.42702111584469,-6.18556520350431,2.45));
#2453=CARTESIAN_POINT('',(3.59107311584469,-6.18556520350431,2.45));
#2454=CARTESIAN_POINT('',(3.59107311584469,-3.04966723906181,2.45));
#2455=CARTESIAN_POINT('',(3.59107311584469,-3.04966723906181,2.45));
#2456=CARTESIAN_POINT('',(3.75512511584469,-3.04966723906181,2.45));
#2457=CARTESIAN_POINT('',(4.13318294712232E-16,6.75,2.45));
#2458=CARTESIAN_POINT('',(4.085948,6.75,2.45));
#2459=CARTESIAN_POINT('',(4.085948,6.75,-0.0146197273364184));
#2460=CARTESIAN_POINT('',(4.085948,6.75,-1.9853969024423));
#2461=CARTESIAN_POINT('',(4.13318294712232E-16,6.75,-1.9853969024423));
#2462=CARTESIAN_POINT('',(-4.085948,6.75,-1.9853969024423));
#2463=CARTESIAN_POINT('',(-4.085948,6.75,2.45));
#2464=CARTESIAN_POINT('',(-4.085948,6.75,-0.014619727336418));
#2465=CARTESIAN_POINT('',(-3.67262879674704,6.75,2.285948));
#2466=CARTESIAN_POINT('',(-3.67262879674704,6.75,2.285948));
#2467=CARTESIAN_POINT('',(3.67262879674704,6.75,2.285948));
#2468=CARTESIAN_POINT('',(3.67262879674704,6.75,2.285948));
#2469=CARTESIAN_POINT('',(3.52923990711026,6.75,3.08406202267483));
#2470=CARTESIAN_POINT('',(4.25,-3.04966723906181,2.45));
#2471=CARTESIAN_POINT('',(3.69442365250928,-3.04966723906181,2.35018534531173));
#2472=CARTESIAN_POINT('',(3.75512511584469,-3.04966723906181,2.0123161477219));
#2473=CARTESIAN_POINT('',(3.75512511584469,-3.04966723906181,2.45));
#2474=CARTESIAN_POINT('',(-3.75512511584469,-6.75,2.45));
#2475=CARTESIAN_POINT('',(8.53194753597662,-6.75,0.686978021981496));
#2476=CARTESIAN_POINT('',(-1.4,-6.75,0.686978021981496));
#2477=CARTESIAN_POINT('',(-3.42702111584469,-6.75,0.686978021981496));
#2478=CARTESIAN_POINT('',(-3.42702111584469,-6.75,2.45));
#2479=CARTESIAN_POINT('',(-3.42702111584469,-6.75,-0.00919232201010755));
#2480=CARTESIAN_POINT('',(-3.75512511584469,-6.75,-0.0091923220101077));
#2481=CARTESIAN_POINT('',(-1.4,-6.75,-0.00919232201010466));
#2482=CARTESIAN_POINT('',(-1.4,-6.75,-0.00919232201010466));
#2483=CARTESIAN_POINT('',(3.75512511584469,-3.04966723906181,2.45));
#2484=CARTESIAN_POINT('',(3.75512511584469,-2.91842563906181,2.0123161477219));
#2485=CARTESIAN_POINT('',(3.75512511584469,-3.04042219955583,2.285948));
#2486=CARTESIAN_POINT('',(3.75512511584469,-6.16167313268279,2.285948));
#2487=CARTESIAN_POINT('',(3.75512511584469,-6.18556520350431,2.285948));
#2488=CARTESIAN_POINT('',(3.75512511584469,-6.09703782806998,2.89381046212169));
#2489=CARTESIAN_POINT('',(3.75512511584469,-6.421896,0.663211313994662));
#2490=CARTESIAN_POINT('',(3.75512511584469,-6.421896,2.45));
#2491=CARTESIAN_POINT('',(3.75512511584469,-6.421896,0.132619965754953));
#2492=CARTESIAN_POINT('',(3.75512511584469,-5.78939458479693,-0.462384397346006));
#2493=CARTESIAN_POINT('',(3.75512511584469,-5.05154167545939,-1.15649462355255));
#2494=CARTESIAN_POINT('',(3.75512511584469,-3.04966723906181,-1.15649462355255));
#2495=CARTESIAN_POINT('',(3.75512511584469,-3.42943892392977,-1.15649462355255));
#2496=CARTESIAN_POINT('',(3.75512511584469,-4.10535932892388,2.23990586431814));
#2497=CARTESIAN_POINT('',(-3.75512511584469,-3.04966723906181,2.45));
#2498=CARTESIAN_POINT('',(-3.75512511584469,-6.09703782806998,2.89381046212169));
#2499=CARTESIAN_POINT('',(-3.75512511584469,-6.421896,0.663211313994679));
#2500=CARTESIAN_POINT('',(-3.75512511584469,-6.18556520350431,2.285948));
#2501=CARTESIAN_POINT('',(-3.75512511584469,-3.04966723906181,2.285948));
#2502=CARTESIAN_POINT('',(-3.75512511584469,-3.04042219955583,2.285948));
#2503=CARTESIAN_POINT('',(-3.75512511584469,-2.91842563906181,2.0123161477219));
#2504=CARTESIAN_POINT('',(-3.75512511584469,-3.04966723906181,2.0123161477219));
#2505=CARTESIAN_POINT('',(-3.75512511584469,-3.04966723906181,2.45));
#2506=CARTESIAN_POINT('',(-3.75512511584469,-4.10535932892388,2.23990586431814));
#2507=CARTESIAN_POINT('',(-3.75512511584469,-3.42943892392977,-1.15649462355255));
#2508=CARTESIAN_POINT('',(-3.75512511584469,-3.04966723906181,-1.15649462355255));
#2509=CARTESIAN_POINT('',(-3.75512511584469,-5.05154167545939,-1.15649462355255));
#2510=CARTESIAN_POINT('',(-3.75512511584469,-5.78939458479693,-0.462384397346006));
#2511=CARTESIAN_POINT('',(-3.75512511584469,-6.421896,0.132619965754949));
#2512=CARTESIAN_POINT('',(-3.75512511584469,-6.421896,2.45));
#2513=CARTESIAN_POINT('',(0.,0.,-2.1494489024423));
#2514=CARTESIAN_POINT('',(0.,5.80841975104556,-2.1494489024423));
#2515=CARTESIAN_POINT('',(-4.085948,5.80841975104556,-2.1494489024423));
#2516=CARTESIAN_POINT('',(4.085948,5.80841975104556,-2.1494489024423));
#2517=CARTESIAN_POINT('',(-4.085948,0.,-2.1494489024423));
#2518=CARTESIAN_POINT('',(-4.085948,6.585948,-2.1494489024423));
#2519=CARTESIAN_POINT('',(0.,6.585948,-2.1494489024423));
#2520=CARTESIAN_POINT('',(4.085948,6.585948,-2.1494489024423));
#2521=CARTESIAN_POINT('',(4.085948,0.,-2.1494489024423));
#2522=CARTESIAN_POINT('',(-4.25,-3.04966723906181,2.45));
#2523=CARTESIAN_POINT('',(-4.12082654779064,-3.04966723906181,-0.0232072578060624));
#2524=CARTESIAN_POINT('',(9.57329738630702,-5.18161389798617,-1.48459862355255));
#2525=CARTESIAN_POINT('',(9.57329738630702,-3.36414268181928,-1.48459862355255));
#2526=CARTESIAN_POINT('',(3.42702111584469,-3.36414268181928,-1.48459862355255));
#2527=CARTESIAN_POINT('',(-3.42702111584469,-3.36414268181928,-1.48459862355255));
#2528=CARTESIAN_POINT('',(3.42702111584469,-5.18161389798617,-1.48459862355255));
#2529=CARTESIAN_POINT('',(3.42702111584469,-5.18161389798617,-1.48459862355255));
#2530=CARTESIAN_POINT('',(9.57329738630702,-5.18161389798617,-1.48459862355255));
#2531=CARTESIAN_POINT('',(-3.42702111584469,-5.18161389798617,-1.48459862355255));
#2532=CARTESIAN_POINT('',(-3.42702111584469,-5.18161389798617,-1.48459862355255));
#2533=CARTESIAN_POINT('',(9.57329738630702,-6.75977162024509,0.));
#2534=CARTESIAN_POINT('',(3.42702111584469,-6.75977162024509,0.));
#2535=CARTESIAN_POINT('',(1.4,-6.75,-0.00919232201010466));
#2536=CARTESIAN_POINT('',(-3.42702111584469,-6.75977162024509,-1.5208029987246E-15));
#2537=CARTESIAN_POINT('',(9.57329738630702,-3.36414268181928,-1.48459862355255));
#2538=CARTESIAN_POINT('',(3.42702111584469,-3.42943892392977,-1.15649462355255));
#2539=CARTESIAN_POINT('',(-3.42702111584469,-3.42943892392977,-1.15649462355255));
#2540=CARTESIAN_POINT('',(8.53194753597662,-6.75,0.686978021981496));
#2541=CARTESIAN_POINT('',(3.42702111584469,-6.75,0.686978021981496));
#2542=CARTESIAN_POINT('',(3.42702111584469,-6.51368727039838,2.30959065385486));
#2543=CARTESIAN_POINT('',(-3.42702111584469,-6.51368727039838,2.30959065385486));
#2544=CARTESIAN_POINT('',(-3.42702111584469,-6.51368727039838,2.30959065385486));
#2545=CARTESIAN_POINT('',(-3.42702111584469,-6.75,0.686978021981496));
#2546=CARTESIAN_POINT('',(1.4,-6.75,0.686978021981496));
#2547=CARTESIAN_POINT('',(4.25,24.5053548877222,1.0842021724855E-16));
#2548=CARTESIAN_POINT('',(3.83409561200873,-2.88561523906181,2.31495707225758));
#2549=CARTESIAN_POINT('',(3.83409561200873,6.585948,2.31495707225758));
#2550=CARTESIAN_POINT('',(3.83409561200873,-2.91842563906181,2.31495707225758));
#2551=CARTESIAN_POINT('',(4.25,-2.91842563906182,1.0842021724855E-16));
#2552=CARTESIAN_POINT('',(4.25,6.585948,1.0842021724855E-16));
#2553=CARTESIAN_POINT('',(-4.25,24.5053548877222,1.0842021724855E-16));
#2554=CARTESIAN_POINT('',(-3.83930737191049,-2.91842563906181,2.285948));
#2555=CARTESIAN_POINT('',(-3.83409561200873,-2.91842563906181,2.31495707225758));
#2556=CARTESIAN_POINT('',(-3.83409561200873,24.5053548877222,2.31495707225758));
#2557=CARTESIAN_POINT('',(-3.83409561200873,6.585948,2.31495707225758));
#2558=CARTESIAN_POINT('',(-4.25,6.585948,3.39011861747529E-18));
#2559=CARTESIAN_POINT('',(4.5,-3.03323727204174,-0.430429048564867));
#2560=CARTESIAN_POINT('',(4.5,5.80841975104556,-0.430429048564867));
#2561=CARTESIAN_POINT('',(4.5,5.80841975104556,-0.430429048564867));
#2562=CARTESIAN_POINT('',(4.5,-3.03323727204174,-0.430429048564867));
#2563=CARTESIAN_POINT('',(4.5,-3.03323727204174,-0.430429048564867));
#2564=CARTESIAN_POINT('',(4.5,-3.03323727204174,-0.430429048564867));
#2565=CARTESIAN_POINT('',(-5.,-3.03323727204174,-0.930429048564867));
#2566=CARTESIAN_POINT('',(-5.,5.80841975104556,-0.930429048564867));
#2567=CARTESIAN_POINT('',(-5.,5.80841975104556,-1.95));
#2568=CARTESIAN_POINT('',(-5.,5.80841975104556,-0.930429048564867));
#2569=CARTESIAN_POINT('',(-5.,-3.03323727204174,-1.95));
#2570=CARTESIAN_POINT('',(-5.,-3.03323727204174,-1.95));
#2571=CARTESIAN_POINT('',(-5.,-3.03323727204174,-0.930429048564867));
#2572=CARTESIAN_POINT('',(-5.,-3.03323727204174,-0.930429048564867));
#2573=CARTESIAN_POINT('',(-5.,-3.03323727204174,-0.930429048564867));
#2574=CARTESIAN_POINT('',(-4.5,-3.03323727204174,-0.930429048564867));
#2575=CARTESIAN_POINT('',(-4.5,5.80841975104556,-0.930429048564867));
#2576=CARTESIAN_POINT('',(-4.5,5.80841975104556,-0.430429048564867));
#2577=CARTESIAN_POINT('',(-4.5,-3.03323727204174,-0.930429048564867));
#2578=CARTESIAN_POINT('',(-4.5,-3.03323727204174,-0.430429048564867));
#2579=CARTESIAN_POINT('',(-4.5,-3.03323727204174,-0.430429048564867));
#2580=CARTESIAN_POINT('',(4.5,-3.03323727204174,-0.430429048564867));
#2581=CARTESIAN_POINT('',(4.5,-3.03323727204174,-0.430429048564867));
#2582=CARTESIAN_POINT('',(4.5,5.80841975104556,-0.430429048564867));
#2583=CARTESIAN_POINT('',(4.5,-3.03323727204174,-0.930429048564867));
#2584=CARTESIAN_POINT('',(4.5,5.80841975104556,-0.930429048564867));
#2585=CARTESIAN_POINT('',(5.,5.80841975104556,-0.930429048564867));
#2586=CARTESIAN_POINT('',(4.5,-3.03323727204174,-0.930429048564867));
#2587=CARTESIAN_POINT('',(5.,-3.03323727204174,-0.930429048564867));
#2588=CARTESIAN_POINT('',(5.,-3.03323727204174,-0.930429048564867));
#2589=CARTESIAN_POINT('',(5.,-3.03323727204174,-1.95));
#2590=CARTESIAN_POINT('',(5.,5.80841975104556,-1.95));
#2591=CARTESIAN_POINT('',(5.,5.80841975104556,-1.95));
#2592=CARTESIAN_POINT('',(5.,-3.03323727204174,-1.95));
#2593=CARTESIAN_POINT('',(5.,-3.03323727204174,-1.95));
#2594=CARTESIAN_POINT('',(5.,-3.03323727204174,-1.95));
#2595=CARTESIAN_POINT('',(4.5,-3.03323727204174,-1.95));
#2596=CARTESIAN_POINT('',(4.5,5.80841975104556,-1.95));
#2597=CARTESIAN_POINT('',(4.5,5.80841975104556,-2.45));
#2598=CARTESIAN_POINT('',(4.5,-3.03323727204174,-1.95));
#2599=CARTESIAN_POINT('',(4.5,-3.03323727204174,-2.45));
#2600=CARTESIAN_POINT('',(4.5,-3.03323727204174,-2.45));
#2601=CARTESIAN_POINT('',(-4.5,-3.03323727204174,-2.45));
#2602=CARTESIAN_POINT('',(-4.5,5.80841975104556,-2.45));
#2603=CARTESIAN_POINT('',(-4.5,5.80841975104556,-2.45));
#2604=CARTESIAN_POINT('',(-4.5,-3.03323727204174,-2.45));
#2605=CARTESIAN_POINT('',(-4.5,-3.03323727204174,-2.45));
#2606=CARTESIAN_POINT('',(-4.5,-3.03323727204174,-2.45));
#2607=CARTESIAN_POINT('',(-4.5,-3.03323727204174,-1.95));
#2608=CARTESIAN_POINT('',(-4.5,5.80841975104556,-1.95));
#2609=CARTESIAN_POINT('',(-4.5,-3.03323727204174,-1.95));
#2610=CARTESIAN_POINT('',(-4.5,-3.03323727204174,-0.930429048564867));
#2611=CARTESIAN_POINT('',(-4.5,5.80841975104556,-0.930429048564867));
#2612=CARTESIAN_POINT('',(-4.085948,5.80841975104556,-1.9853969024423));
#2613=CARTESIAN_POINT('',(4.085948,5.80841975104556,-1.9853969024423));
#2614=CARTESIAN_POINT('',(1.4,-8.86347302842951,-0.30053883998723));
#2615=CARTESIAN_POINT('',(-1.4,-8.86347302842951,-0.30053883998723));
#2616=CARTESIAN_POINT('',(-1.4,-8.86347302842951,-1.53987805679334));
#2617=CARTESIAN_POINT('',(-1.4,-8.86347302842951,-0.30053883998723));
#2618=CARTESIAN_POINT('',(1.4,-8.86347302842951,-1.53987805679334));
#2619=CARTESIAN_POINT('',(1.4,-8.86347302842951,-1.53987805679334));
#2620=CARTESIAN_POINT('',(1.4,-8.86347302842951,-0.30053883998723));
#2621=CARTESIAN_POINT('',(1.4,-8.86347302842951,-0.30053883998723));
#2622=CARTESIAN_POINT('',(1.4,-8.86347302842951,-0.30053883998723));
#2623=CARTESIAN_POINT('',(1.4,-7.87595616646078,-0.30053883998723));
#2624=CARTESIAN_POINT('',(-1.4,-7.87595616646078,-0.30053883998723));
#2625=CARTESIAN_POINT('',(-1.4,-7.87595616646078,0.686978021981496));
#2626=CARTESIAN_POINT('',(1.4,-7.87595616646078,-0.30053883998723));
#2627=CARTESIAN_POINT('',(1.4,-7.87595616646078,0.686978021981496));
#2628=CARTESIAN_POINT('',(1.4,-7.87595616646078,0.686978021981496));
#2629=CARTESIAN_POINT('',(1.4,-6.75,0.686978021981496));
#2630=CARTESIAN_POINT('',(-1.4,-6.75,0.686978021981496));
#2631=CARTESIAN_POINT('',(1.4,-6.75,0.686978021981496));
#2632=CARTESIAN_POINT('',(1.4,-7.89643933857178,-0.00200891493621981));
#2633=CARTESIAN_POINT('',(-1.4,-7.89643933857178,-0.00200891493621981));
#2634=CARTESIAN_POINT('',(-1.4,-7.89643933857178,-0.00200891493621981));
#2635=CARTESIAN_POINT('',(1.4,-7.89643933857178,-0.00200891493621981));
#2636=CARTESIAN_POINT('',(1.4,-7.89643933857178,-0.00200891493621981));
#2637=CARTESIAN_POINT('',(1.4,-7.89643933857178,-0.00200891493621981));
#2638=CARTESIAN_POINT('',(1.4,-7.89843570540101,-0.320620048023824));
#2639=CARTESIAN_POINT('',(-1.4,-7.89843570540101,-0.320620048023824));
#2640=CARTESIAN_POINT('',(-1.4,-8.21705309288619,-0.320620048023823));
#2641=CARTESIAN_POINT('',(1.4,-7.89843570540101,-0.320620048023824));
#2642=CARTESIAN_POINT('',(1.4,-8.21705309288619,-0.320620048023823));
#2643=CARTESIAN_POINT('',(1.4,-8.21705309288619,-0.320620048023823));
#2644=CARTESIAN_POINT('',(1.4,-8.21705309288619,-1.58483312947692));
#2645=CARTESIAN_POINT('',(-1.4,-8.21705309288619,-1.58483312947692));
#2646=CARTESIAN_POINT('',(-1.4,-8.21705309288619,-1.58483312947692));
#2647=CARTESIAN_POINT('',(1.4,-8.21705309288619,-1.58483312947692));
#2648=CARTESIAN_POINT('',(1.4,-8.21705309288619,-1.58483312947692));
#2649=CARTESIAN_POINT('',(1.4,-8.21705309288619,-1.58483312947692));
#2650=CARTESIAN_POINT('',(1.4,-7.86128397067597,-1.58483312947692));
#2651=CARTESIAN_POINT('',(-1.4,-7.86128397067597,-1.58483312947692));
#2652=CARTESIAN_POINT('',(-1.4,-7.86128397067597,-1.94060225168713));
#2653=CARTESIAN_POINT('',(1.4,-7.86128397067597,-1.58483312947692));
#2654=CARTESIAN_POINT('',(1.4,-7.86128397067597,-1.94060225168713));
#2655=CARTESIAN_POINT('',(1.4,-7.86128397067597,-1.94060225168713));
#2656=CARTESIAN_POINT('',(1.4,-6.75,-1.94060225168713));
#2657=CARTESIAN_POINT('',(-1.4,-6.75,-1.94060225168713));
#2658=CARTESIAN_POINT('',(-1.4,-6.75,-1.94060225168713));
#2659=CARTESIAN_POINT('',(1.4,-6.75,-1.94060225168713));
#2660=CARTESIAN_POINT('',(1.4,-6.75,-1.94060225168713));
#2661=CARTESIAN_POINT('',(1.4,-6.75,-1.94060225168713));
#2662=CARTESIAN_POINT('',(1.4,-6.75,-2.45));
#2663=CARTESIAN_POINT('',(-1.4,-6.75,-2.45));
#2664=CARTESIAN_POINT('',(-1.4,-6.75,-2.45));
#2665=CARTESIAN_POINT('',(1.4,-6.75,-2.45));
#2666=CARTESIAN_POINT('',(1.4,-6.75,-2.45));
#2667=CARTESIAN_POINT('',(1.4,-6.75,-2.45));
#2668=CARTESIAN_POINT('',(1.4,-7.95335108522285,-2.45));
#2669=CARTESIAN_POINT('',(-1.4,-7.95335108522285,-2.45));
#2670=CARTESIAN_POINT('',(-1.4,-7.95335108522285,-2.45));
#2671=CARTESIAN_POINT('',(1.4,-7.95335108522285,-2.45));
#2672=CARTESIAN_POINT('',(1.4,-7.95335108522285,-2.45));
#2673=CARTESIAN_POINT('',(1.4,-7.95335108522285,-2.45));
#2674=CARTESIAN_POINT('',(1.4,-7.95335108522285,-1.53987805679334));
#2675=CARTESIAN_POINT('',(-1.4,-7.95335108522285,-1.53987805679334));
#2676=CARTESIAN_POINT('',(1.4,-7.95335108522285,-1.53987805679334));
#2677=CARTESIAN_POINT('',(1.4,-7.87595616646078,-0.30053883998723));
#2678=CARTESIAN_POINT('',(-1.4,-7.87595616646078,-0.30053883998723));
#2679=CARTESIAN_POINT('',(-3.42702111584469,-6.09703782806998,2.89381046212169));
#2680=CARTESIAN_POINT('',(-3.42702111584469,-6.18556520350431,2.285948));
#2681=CARTESIAN_POINT('',(-3.42702111584469,-6.421896,0.66321131399468));
#2682=CARTESIAN_POINT('',(-3.42702111584469,-6.421896,2.45));
#2683=CARTESIAN_POINT('',(-3.42702111584469,-6.421896,0.132619965754949));
#2684=CARTESIAN_POINT('',(-3.42702111584469,-5.78939458479693,-0.462384397346006));
#2685=CARTESIAN_POINT('',(-3.42702111584469,-5.05154167545939,-1.15649462355255));
#2686=CARTESIAN_POINT('',(-3.42702111584469,-3.04966723906181,-1.15649462355255));
#2687=CARTESIAN_POINT('',(3.42702111584469,-6.09703782806998,2.89381046212169));
#2688=CARTESIAN_POINT('',(3.42702111584469,-6.18556520350431,2.285948));
#2689=CARTESIAN_POINT('',(3.42702111584469,-6.421896,0.663211313994662));
#2690=CARTESIAN_POINT('',(3.42702111584469,-6.421896,2.45));
#2691=CARTESIAN_POINT('',(3.42702111584469,-6.421896,0.132619965754953));
#2692=CARTESIAN_POINT('',(3.42702111584469,-5.78939458479693,-0.462384397346005));
#2693=CARTESIAN_POINT('',(3.42702111584469,-5.05154167545939,-1.15649462355255));
#2694=CARTESIAN_POINT('',(3.42702111584469,-3.04966723906181,-1.15649462355255));
#2695=CARTESIAN_POINT('',(4.25,-2.88561523906181,2.285948));
#2696=CARTESIAN_POINT('',(3.75512511584469,-2.88561523906181,2.285948));
#2697=CARTESIAN_POINT('',(3.75512511584469,-3.03494402709082,2.35387422299075));
#2698=CARTESIAN_POINT('',(3.75512511584469,-2.96811155815947,2.42774862072973));
#2699=CARTESIAN_POINT('',(3.75512511584469,-3.03494402709082,2.35387422299075));
#2700=CARTESIAN_POINT('',(3.76754456625843,-3.02700891520537,2.37131874719004));
#2701=CARTESIAN_POINT('',(3.77882573705509,-3.01612559683449,2.38749948158269));
#2702=CARTESIAN_POINT('',(3.78840321104631,-3.00138965336109,2.40217770230393));
#2703=CARTESIAN_POINT('',(3.78840321104631,-3.00138965336109,2.40217770230393));
#2704=CARTESIAN_POINT('',(3.67262879674704,-2.88561523906181,2.285948));
#2705=CARTESIAN_POINT('',(3.75512511584469,-3.04966723906181,2.285948));
#2706=CARTESIAN_POINT('',(3.59107311584469,-3.04966723906181,2.285948));
#2707=CARTESIAN_POINT('',(3.68135564873624,-3.04966723906181,2.42292289900959));
#2708=CARTESIAN_POINT('',(3.68135564873624,-3.04966723906181,2.42292289900959));
#2709=CARTESIAN_POINT('',(3.69669991300099,-3.04966723906181,2.41280922816043));
#2710=CARTESIAN_POINT('',(3.72148228883779,-3.04552946638611,2.39614877352365));
#2711=CARTESIAN_POINT('',(3.74504289195582,-3.04138582379646,2.33971259796642));
#2712=CARTESIAN_POINT('',(3.75512511586346,-3.03494402708473,2.35387422296953));
#2713=CARTESIAN_POINT('',(3.75512511584469,-2.96811155815947,2.42774862072973));
#2714=CARTESIAN_POINT('',(3.73205803222983,-2.94504447454461,2.44116851607822));
#2715=CARTESIAN_POINT('',(3.70298319017086,-2.92541003241192,2.45));
#2716=CARTESIAN_POINT('',(3.67262879674704,-2.90786661833209,2.45));
#2717=CARTESIAN_POINT('',(3.59107311584469,-3.04966723906181,2.285948));
#2718=CARTESIAN_POINT('',(3.75512511584469,-3.04042219955583,2.285948));
#2719=CARTESIAN_POINT('',(3.75512511584469,-3.03659210010588,2.34055978428512));
#2720=CARTESIAN_POINT('',(3.72715043669653,-3.04966723906181,2.39273875957834));
#2721=CARTESIAN_POINT('',(3.68135564873624,-3.04966723906181,2.42292289900959));
#2722=CARTESIAN_POINT('',(3.59107311584469,-6.18556520350431,2.285948));
#2723=CARTESIAN_POINT('',(3.59107311584469,-6.18556520350431,2.45));
#2724=CARTESIAN_POINT('',(3.75512511584469,-6.18556520350431,2.45));
#2725=CARTESIAN_POINT('',(3.75512511584469,-6.18556520350431,2.285948));
#2726=CARTESIAN_POINT('',(3.59107311113166,-6.27236985310926,2.45));
#2727=CARTESIAN_POINT('',(3.74319579440917,-6.35112497352114,2.44999999999998));
#2728=CARTESIAN_POINT('',(3.75512511584469,-6.35737159964755,2.29832741474801));
#2729=CARTESIAN_POINT('',(3.51291960605315,-6.35134785676596,2.45));
#2730=CARTESIAN_POINT('',(3.5879980572717,-6.49323843997667,2.44999999999994));
#2731=CARTESIAN_POINT('',(3.59881809626161,-6.5136872702963,2.3095906545558));
#2732=CARTESIAN_POINT('',(3.42702111584469,-6.35134786168103,2.45));
#2733=CARTESIAN_POINT('',(3.42702111584469,-6.49323844903624,2.45));
#2734=CARTESIAN_POINT('',(3.42702111584469,-6.51368727039838,2.30959065385486));
#2735=CARTESIAN_POINT('',(3.42702111584469,-6.35134786168103,2.285948));
#2736=CARTESIAN_POINT('',(8.53194753597662,-6.35134786168103,2.285948));
#2737=CARTESIAN_POINT('',(-3.42702111584469,-6.35134786168103,2.285948));
#2738=CARTESIAN_POINT('',(-3.42702111584469,-6.35134786168103,2.45));
#2739=CARTESIAN_POINT('',(-3.42702111584469,-6.49323844903624,2.45));
#2740=CARTESIAN_POINT('',(-3.42702111584469,-6.51368727039838,2.30959065385486));
#2741=CARTESIAN_POINT('',(-3.5129196060531,-6.35134785676596,2.45));
#2742=CARTESIAN_POINT('',(-3.58799805727163,-6.49323843997634,2.45000000000012));
#2743=CARTESIAN_POINT('',(-3.59881809626151,-6.5136872702963,2.3095906545558));
#2744=CARTESIAN_POINT('',(-3.59107311113166,-6.27236985310915,2.45));
#2745=CARTESIAN_POINT('',(-3.74319579440917,-6.35112497352113,2.44999999999999));
#2746=CARTESIAN_POINT('',(-3.75512511584469,-6.35737159964732,2.29832741474803));
#2747=CARTESIAN_POINT('',(-3.59107311584469,-6.18556520350431,2.45));
#2748=CARTESIAN_POINT('',(-3.75512511584469,-6.18556520350431,2.45));
#2749=CARTESIAN_POINT('',(-3.75512511584469,-6.18556520350431,2.285948));
#2750=CARTESIAN_POINT('',(-3.59107311584469,-6.18556520350431,2.285948));
#2751=CARTESIAN_POINT('',(-3.59107311584469,-3.04966723906181,2.285948));
#2752=CARTESIAN_POINT('',(-3.59107311584469,-3.04966723906181,2.285948));
#2753=CARTESIAN_POINT('',(-3.68135564873624,-3.04966723906181,2.42292289900959));
#2754=CARTESIAN_POINT('',(-3.68135564873624,-3.04966723906181,2.42292289900959));
#2755=CARTESIAN_POINT('',(-3.72712957656045,-3.04966723906181,2.39275250885602));
#2756=CARTESIAN_POINT('',(-3.75512511584469,-3.03659194086913,2.34056205477516));
#2757=CARTESIAN_POINT('',(-3.75512511584469,-3.04042219955583,2.285948));
#2758=CARTESIAN_POINT('',(-3.75512511584469,-3.04966723906181,2.285948));
#2759=CARTESIAN_POINT('',(-3.75512511584469,-2.88561523906181,2.285948));
#2760=CARTESIAN_POINT('',(-3.75512511584469,-3.03494402709081,2.35387422299075));
#2761=CARTESIAN_POINT('',(-3.75512511584469,-2.96811155815947,2.42774862072973));
#2762=CARTESIAN_POINT('',(-3.75512511584469,-3.03494402709081,2.35387422299075));
#2763=CARTESIAN_POINT('',(-3.74507925039004,-3.04136259342936,2.33976366759672));
#2764=CARTESIAN_POINT('',(-3.72153846868721,-3.04552593172305,2.39602819227437));
#2765=CARTESIAN_POINT('',(-3.6967056202835,-3.04966723906183,2.4128054663915));
#2766=CARTESIAN_POINT('',(-3.68135564873624,-3.04966723906183,2.42292289900959));
#2767=CARTESIAN_POINT('',(-3.75512511584469,-2.96811155815947,2.42774862072973));
#2768=CARTESIAN_POINT('',(-3.73205803222983,-2.94504447454461,2.44116851607822));
#2769=CARTESIAN_POINT('',(-3.70298319017084,-2.92541003241195,2.45));
#2770=CARTESIAN_POINT('',(-3.67262879674704,-2.90786661833208,2.45));
#2771=CARTESIAN_POINT('',(-4.25,-2.88561523906181,2.285948));
#2772=CARTESIAN_POINT('',(-3.67262879674704,-2.88561523906181,2.285948));
#2773=CARTESIAN_POINT('',(-3.78840321104631,-3.00138965336109,2.40217770230393));
#2774=CARTESIAN_POINT('',(-3.78840321104631,-3.00138965336109,2.40217770230393));
#2775=CARTESIAN_POINT('',(-3.77882573705509,-3.01612559683449,2.38749948158269));
#2776=CARTESIAN_POINT('',(-3.76754456625843,-3.02700891520537,2.37131874719004));
#2777=CARTESIAN_POINT('',(-3.75512511584469,-3.03494402709081,2.35387422299075));
#2778=CARTESIAN_POINT('',(3.67262879674704,24.5053548877222,2.285948));
#2779=CARTESIAN_POINT('',(3.78840321104631,-3.00138965336109,2.40217770230393));
#2780=CARTESIAN_POINT('',(3.81374981001837,-2.97628314225815,2.37693038950608));
#2781=CARTESIAN_POINT('',(3.82842003965592,-2.94713347852724,2.34654776169636));
#2782=CARTESIAN_POINT('',(3.83409561200873,-2.91842563906182,2.31495707225758));
#2783=CARTESIAN_POINT('',(3.67262879674704,6.585948,2.285948));
#2784=CARTESIAN_POINT('',(-3.67262879674704,0.,2.285948));
#2785=CARTESIAN_POINT('',(-3.78840321104631,-3.00138965336109,2.40217770230393));
#2786=CARTESIAN_POINT('',(-3.81374981001837,-2.97628314225815,2.37693038950608));
#2787=CARTESIAN_POINT('',(-3.8284200396559,-2.94713347852712,2.34654776169647));
#2788=CARTESIAN_POINT('',(-3.83409561200873,-2.91842563906181,2.31495707225758));
#2789=CARTESIAN_POINT('',(-3.67262879674704,6.585948,2.285948));
#2790=CARTESIAN_POINT('',(-4.085948,6.585948,2.45));
#2791=CARTESIAN_POINT('',(-4.085948,6.585948,-1.9853969024423));
#2792=CARTESIAN_POINT('',(-4.085948,6.585948,-0.0146197273364173));
#2793=CARTESIAN_POINT('',(-4.08853318473831,6.585948,-0.0290090722575792));
#2794=CARTESIAN_POINT('',(-3.67262879674704,6.585948,2.285948));
#2795=CARTESIAN_POINT('',(-3.67262879674704,6.585948,2.285948));
#2796=CARTESIAN_POINT('',(-3.67262879674704,6.585948,2.285948));
#2797=CARTESIAN_POINT('',(4.13318294712232E-16,6.585948,2.285948));
#2798=CARTESIAN_POINT('',(3.67262879674704,6.585948,2.285948));
#2799=CARTESIAN_POINT('',(3.67262879674704,6.585948,2.285948));
#2800=CARTESIAN_POINT('',(3.67262879674704,6.585948,2.285948));
#2801=CARTESIAN_POINT('',(3.52923990711026,6.585948,3.08406202267483));
#2802=CARTESIAN_POINT('',(4.085948,6.585948,-0.0146197273364181));
#2803=CARTESIAN_POINT('',(4.085948,6.585948,2.45));
#2804=CARTESIAN_POINT('',(4.085948,6.585948,-1.9853969024423));
#2805=CARTESIAN_POINT('',(4.085948,0.,-1.9853969024423));
#2806=CARTESIAN_POINT('',(4.085948,6.585948,-1.9853969024423));
#2807=CARTESIAN_POINT('',(4.085948,6.585948,-1.9853969024423));
#2808=CARTESIAN_POINT('',(4.085948,6.585948,-1.9853969024423));
#2809=CARTESIAN_POINT('',(0.,6.585948,-1.9853969024423));
#2810=CARTESIAN_POINT('',(-4.085948,6.585948,-1.9853969024423));
#2811=CARTESIAN_POINT('',(-4.085948,6.585948,-1.9853969024423));
#2812=CARTESIAN_POINT('',(-4.085948,6.585948,-1.9853969024423));
#2813=CARTESIAN_POINT('',(-4.085948,0.,-1.9853969024423));
#2814=CARTESIAN_POINT('',(3.69442365250928,-2.91842563906181,2.35018534531173));
#2815=CARTESIAN_POINT('',(-4.12082654779065,-2.91842563906181,-0.0232072578060674));
#2816=MECHANICAL_DESIGN_GEOMETRIC_PRESENTATION_REPRESENTATION('',(#1248,
#1249,#1250,#1251,#1252,#1253,#1254,#1255,#1256,#1257,#1258,#1259,#1260,
#1261,#1262,#1263,#1264,#1265,#1266,#1267,#1268,#1269,#1270,#1271,#1272,
#1273,#1274,#1275,#1276,#1277,#1278,#1279,#1280,#1281,#1282,#1283,#1284,
#1285,#1286,#1287,#1288,#1289,#1290,#1291,#1292,#1293,#1294,#1295,#1296,
#1297,#1298,#1299,#1300,#1301,#1302,#1303,#1304,#1305,#1306,#1307,#1308,
#1309,#1310,#1311,#1312,#1313,#1314,#1315,#1316,#1317,#1318,#1319,#1320,
#1321,#1322),#2817);
#2817=(
GEOMETRIC_REPRESENTATION_CONTEXT(3)
GLOBAL_UNCERTAINTY_ASSIGNED_CONTEXT((#2818))
GLOBAL_UNIT_ASSIGNED_CONTEXT((#2821,#2820,#2819))
REPRESENTATION_CONTEXT('SM8S26A','TOP_LEVEL_ASSEMBLY_PART')
);
#2818=UNCERTAINTY_MEASURE_WITH_UNIT(LENGTH_MEASURE(0.005),#2821,
'DISTANCE_ACCURACY_VALUE','Maximum Tolerance applied to model');
#2819=(
NAMED_UNIT(*)
SI_UNIT($,.STERADIAN.)
SOLID_ANGLE_UNIT()
);
#2820=(
NAMED_UNIT(*)
PLANE_ANGLE_UNIT()
SI_UNIT($,.RADIAN.)
);
#2821=(
LENGTH_UNIT()
NAMED_UNIT(*)
SI_UNIT(.MILLI.,.METRE.)
);
#2822=PRODUCT_DEFINITION_SHAPE('','',#2823);
#2823=PRODUCT_DEFINITION('','',#2825,#2824);
#2824=PRODUCT_DEFINITION_CONTEXT('',#2831,'design');
#2825=PRODUCT_DEFINITION_FORMATION_WITH_SPECIFIED_SOURCE('','',#2827,
 .NOT_KNOWN.);
#2826=PRODUCT_RELATED_PRODUCT_CATEGORY('','',(#2827));
#2827=PRODUCT('SM8S26A','SM8S26A','SM8S26A',(#2829));
#2828=PRODUCT_CATEGORY('','');
#2829=PRODUCT_CONTEXT('',#2831,'mechanical');
#2830=APPLICATION_PROTOCOL_DEFINITION('international standard',
'automotive_design',2010,#2831);
#2831=APPLICATION_CONTEXT(
'core data for automotive mechanical design processes');
ENDSEC;
END-ISO-10303-21;
