ISO-10303-21;
HEADER;
FILE_DESCRIPTION (( 'STEP AP214' ),
    '1' );
FILE_NAME ('SRN6045TA-4R7M.STEP',
    '2023-05-17T05:47:12',
    ( '' ),
    ( '' ),
    'SwSTEP 2.0',
    'SolidWorks 2021',
    '' );
FILE_SCHEMA (( 'AUTOMOTIVE_DESIGN' ));
ENDSEC;

DATA;
#1 = EDGE_LOOP ( 'NONE', ( #1264, #1160, #530, #1758 ) ) ;
#2 = FACE_OUTER_BOUND ( 'NONE', #138, .T. ) ;
#3 = VERTEX_POINT ( 'NONE', #358 ) ;
#4 = PRODUCT_RELATED_PRODUCT_CATEGORY ( 'part', '', ( #283 ) ) ;
#5 = LINE ( 'NONE', #1032, #1138 ) ;
#6 = VECTOR ( 'NONE', #794, 1000.000000000000000 ) ;
#7 = FACE_OUTER_BOUND ( 'NONE', #1746, .T. ) ;
#8 = DIRECTION ( 'NONE',  ( 0.000000000000000000, 1.000000000000000000, 0.000000000000000000 ) ) ;
#9 = PRESENTATION_STYLE_ASSIGNMENT (( #1661 ) ) ;
#10 = EDGE_LOOP ( 'NONE', ( #1552, #1181, #462, #1651 ) ) ;
#11 = DIRECTION ( 'NONE',  ( -3.491481338843133355E-15, 0.000000000000000000, 1.000000000000000000 ) ) ;
#12 = EDGE_CURVE ( 'NONE', #1304, #1787, #1663, .T. ) ;
#13 = DIRECTION ( 'NONE',  ( 1.000000000000000000, 0.000000000000000000, 3.491481338843133355E-15 ) ) ;
#14 = CARTESIAN_POINT ( 'NONE',  ( 1.849999999999996092, -1.000000000000000000, 2.400000000000006128 ) ) ;
#15 = AXIS2_PLACEMENT_3D ( 'NONE', #1399, #72, #294 ) ;
#16 = DIRECTION ( 'NONE',  ( 1.000000000000000000, 0.000000000000000000, 3.491481338843133355E-15 ) ) ;
#17 = ORIENTED_EDGE ( 'NONE', *, *, #825, .F. ) ;
#18 = EDGE_LOOP ( 'NONE', ( #182, #1659, #1175, #932 ) ) ;
#19 = DIRECTION ( 'NONE',  ( 1.000000000000000000, 0.000000000000000000, 3.114367539717738279E-15 ) ) ;
#20 = VERTEX_POINT ( 'NONE', #476 ) ;
#21 = CARTESIAN_POINT ( 'NONE',  ( 2.999999999999991118, -4.200000000000000178, 2.400000000000009681 ) ) ;
#22 = LINE ( 'NONE', #592, #676 ) ;
#23 = ADVANCED_FACE ( 'NONE', ( #1804 ), #1098, .T. ) ;
#24 = EDGE_CURVE ( 'NONE', #1084, #269, #202, .T. ) ;
#25 = DIRECTION ( 'NONE',  ( 0.5773502691896238437, -0.5773502691896257311, 0.5773502691896278405 ) ) ;
#26 = ORIENTED_EDGE ( 'NONE', *, *, #1893, .T. ) ;
#27 = ORIENTED_EDGE ( 'NONE', *, *, #869, .T. ) ;
#28 = SHAPE_REPRESENTATION_RELATIONSHIP ( 'NONE' , 'NONE' ,  #1119, #719 ) ;
#29 = ORIENTED_EDGE ( 'NONE', *, *, #213, .T. ) ;
#30 = ORIENTED_EDGE ( 'NONE', *, *, #977, .T. ) ;
#31 = CARTESIAN_POINT ( 'NONE',  ( 1.850000000000013411, -0.09999999999999939493, -2.399999999999993250 ) ) ;
#32 = AXIS2_PLACEMENT_3D ( 'NONE', #870, #120, #412 ) ;
#33 = DIRECTION ( 'NONE',  ( -3.491481338843133355E-15, 0.000000000000000000, 1.000000000000000000 ) ) ;
#34 = AXIS2_PLACEMENT_3D ( 'NONE', #251, #1729, #403 ) ;
#35 = AXIS2_PLACEMENT_3D ( 'NONE', #685, #975, #1588 ) ;
#36 = DIRECTION ( 'NONE',  ( 1.000000000000000000, 0.000000000000000000, 3.491481338843133355E-15 ) ) ;
#37 = ORIENTED_EDGE ( 'NONE', *, *, #1906, .T. ) ;
#38 = EDGE_LOOP ( 'NONE', ( #1044, #438, #1890, #763 ) ) ;
#39 = CARTESIAN_POINT ( 'NONE',  ( 0.000000000000000000, 4.500000000000000000, 0.000000000000000000 ) ) ;
#40 = LINE ( 'NONE', #487, #1229 ) ;
#41 = DIRECTION ( 'NONE',  ( -0.2810846377148192299, 0.6785983445458476648, 0.6785983445458466656 ) ) ;
#42 = CARTESIAN_POINT ( 'NONE',  ( -1.849999999999996758, -3.499999999999999556, -2.400000000000005240 ) ) ;
#43 = CARTESIAN_POINT ( 'NONE',  ( -3.000000000000001332, -3.499999999999999556, -1.010704997678519778E-14 ) ) ;
#44 = ORIENTED_EDGE ( 'NONE', *, *, #1538, .F. ) ;
#45 = CARTESIAN_POINT ( 'NONE',  ( 2.700000000000009059, -3.499999999999999556, -2.399999999999990141 ) ) ;
#46 = ORIENTED_EDGE ( 'NONE', *, *, #668, .T. ) ;
#47 =( BOUNDED_SURFACE ( )  B_SPLINE_SURFACE ( 3, 3, ( 
 ( #1403, #773, #1376, #43 ),
 ( #624, #976, #1581, #831 ),
 ( #526, #229, #1877, #1125 ),
 ( #1867, #1420, #1858, #1273 ) ),
 .UNSPECIFIED., .F., .F., .F. ) 
 B_SPLINE_SURFACE_WITH_KNOTS ( ( 4, 4 ),
 ( 4, 4 ),
 ( 0.000000000000000000, 1.000000000000000000 ),
 ( 0.000000000000000000, 1.000000000000000000 ),
 .UNSPECIFIED. ) 
 GEOMETRIC_REPRESENTATION_ITEM ( )  RATIONAL_B_SPLINE_SURFACE ( (
 ( 1.000000000000000000, 0.3333333333333334259, 0.3333333333333334259, 1.000000000000000000),
 ( 1.000000000000000000, 0.3333333333333334259, 0.3333333333333334259, 1.000000000000000000),
 ( 1.000000000000000000, 0.3333333333333334259, 0.3333333333333334259, 1.000000000000000000),
 ( 1.000000000000000000, 0.3333333333333334259, 0.3333333333333334259, 1.000000000000000000) ) ) 
 REPRESENTATION_ITEM ( '' )  SURFACE ( )  );
#48 = EDGE_LOOP ( 'NONE', ( #489, #865, #993, #555 ) ) ;
#49 = FILL_AREA_STYLE_COLOUR ( '', #1442 ) ;
#50 =( GEOMETRIC_REPRESENTATION_CONTEXT ( 3 ) GLOBAL_UNCERTAINTY_ASSIGNED_CONTEXT ( ( #945 ) ) GLOBAL_UNIT_ASSIGNED_CONTEXT ( ( #304, #1056, #1483 ) ) REPRESENTATION_CONTEXT ( 'NONE', 'WORKASPACE' ) );
#51 = DIRECTION ( 'NONE',  ( 0.7071067811865484609, 0.000000000000000000, 0.7071067811865465735 ) ) ;
#52 = CARTESIAN_POINT ( 'NONE',  ( -0.000000000000000000, -3.499999999999999556, 0.000000000000000000 ) ) ;
#53 = EDGE_CURVE ( 'NONE', #982, #1073, #1397, .T. ) ;
#54 = DIRECTION ( 'NONE',  ( 1.000000000000000000, 0.000000000000000000, 3.491481338843133355E-15 ) ) ;
#55 = ORIENTED_EDGE ( 'NONE', *, *, #1205, .F. ) ;
#56 = CARTESIAN_POINT ( 'NONE',  ( 1.850000000000013411, -4.500000000000000000, -2.399999999999993250 ) ) ;
#57 = VERTEX_POINT ( 'NONE', #1510 ) ;
#58 = VECTOR ( 'NONE', #141, 1000.000000000000000 ) ;
#59 = LINE ( 'NONE', #1215, #1509 ) ;
#60 = CARTESIAN_POINT ( 'NONE',  ( -1.849999999999996092, -3.499999999999999556, -2.400000000000006128 ) ) ;
#61 = CARTESIAN_POINT ( 'NONE',  ( -2.999999999999991118, -4.200000000000000178, -2.400000000000009681 ) ) ;
#62 = ADVANCED_FACE ( 'NONE', ( #1372 ), #184, .T. ) ;
#63 = FILL_AREA_STYLE ('',( #956 ) ) ;
#64 = ORIENTED_EDGE ( 'NONE', *, *, #1012, .T. ) ;
#65 = AXIS2_PLACEMENT_3D ( 'NONE', #550, #127, #528 ) ;
#66 = LINE ( 'NONE', #341, #236 ) ;
#67 = ORIENTED_EDGE ( 'NONE', *, *, #1009, .T. ) ;
#68 = PRODUCT_CONTEXT ( 'NONE', #527, 'mechanical' ) ;
#69 = PRESENTATION_LAYER_ASSIGNMENT (  '', '', ( #898 ) ) ;
#70 = DIRECTION ( 'NONE',  ( -1.000000000000000000, 0.000000000000000000, -3.491481338843133355E-15 ) ) ;
#71 = CARTESIAN_POINT ( 'NONE',  ( 1.849999999999996314, -4.500000000000000000, 2.400000000000006128 ) ) ;
#72 = DIRECTION ( 'NONE',  ( -3.491481338843133355E-15, 0.000000000000000000, 1.000000000000000000 ) ) ;
#73 = EDGE_CURVE ( 'NONE', #1312, #1580, #1389, .T. ) ;
#74 = CARTESIAN_POINT ( 'NONE',  ( 1.808578643762704274, 0.000000000000000000, -2.299999999999994049 ) ) ;
#75 = VERTEX_POINT ( 'NONE', #1224 ) ;
#76 = DIRECTION ( 'NONE',  ( 1.000000000000000000, 0.000000000000000000, 3.491481338843132961E-15 ) ) ;
#77 = PLANE ( 'NONE',  #133 ) ;
#78 = CARTESIAN_POINT ( 'NONE',  ( 3.000000000000020428, -3.499999999999999112, -5.999999999999992006 ) ) ;
#79 = AXIS2_PLACEMENT_3D ( 'NONE', #1192, #1367, #36 ) ;
#80 = CARTESIAN_POINT ( 'NONE',  ( -1.012529588264508357E-14, 0.000000000000000000, 2.899999999999999467 ) ) ;
#81 = EDGE_CURVE ( 'NONE', #1839, #1312, #1545, .T. ) ;
#82 = EDGE_CURVE ( 'NONE', #1876, #666, #332, .T. ) ;
#83 = LINE ( 'NONE', #806, #440 ) ;
#84 = VERTEX_POINT ( 'NONE', #192 ) ;
#85 = ORIENTED_EDGE ( 'NONE', *, *, #1516, .T. ) ;
#86 = ITEM_DEFINED_TRANSFORMATION ( 'NONE', 'NONE', #1342,  #690 ) ;
#87 = CARTESIAN_POINT ( 'NONE',  ( -2.700000000000009059, -1.000000000000000000, 2.399999999999990141 ) ) ;
#88 = FACE_OUTER_BOUND ( 'NONE', #1386, .T. ) ;
#89 = VECTOR ( 'NONE', #1832, 999.9999999999998863 ) ;
#90 = LINE ( 'NONE', #963, #1030 ) ;
#91 = PLANE ( 'NONE',  #34 ) ;
#92 = CARTESIAN_POINT ( 'NONE',  ( 1.849999999999995870, -3.499999999999999556, 2.400000000000006128 ) ) ;
#93 = DIRECTION ( 'NONE',  ( -3.401131157802674784E-15, 0.000000000000000000, 1.000000000000000000 ) ) ;
#94 = EDGE_LOOP ( 'NONE', ( #611, #1884, #1220, #657 ) ) ;
#95 = ORIENTED_EDGE ( 'NONE', *, *, #760, .T. ) ;
#96 = ADVANCED_FACE ( 'NONE', ( #1673 ), #916, .T. ) ;
#97 = AXIS2_PLACEMENT_3D ( 'NONE', #1827, #1082, #1667 ) ;
#98 = ORIENTED_EDGE ( 'NONE', *, *, #909, .F. ) ;
#99 = SURFACE_STYLE_FILL_AREA ( #1842 ) ;
#100 = CARTESIAN_POINT ( 'NONE',  ( -2.999999999999991118, -3.499999999999999556, -2.400000000000009681 ) ) ;
#101 = PRODUCT_DEFINITION ( 'UNKNOWN', '', #911, #610 ) ;
#102 = AXIS2_PLACEMENT_3D ( 'NONE', #650, #1059, #477 ) ;
#103 = CARTESIAN_POINT ( 'NONE',  ( -1.099999999999990763, -9.662363799656123575, -2.400000000000003020 ) ) ;
#104 = VECTOR ( 'NONE', #1522, 1000.000000000000000 ) ;
#105 = DIRECTION ( 'NONE',  ( -3.491481338843133355E-15, 0.000000000000000000, 1.000000000000000000 ) ) ;
#106 = LINE ( 'NONE', #686, #1727 ) ;
#107 = CARTESIAN_POINT ( 'NONE',  ( 1.850000000000013411, -1.000000000000000000, -2.399999999999993250 ) ) ;
#108 = DIRECTION ( 'NONE',  ( -0.7071067811865532349, 0.000000000000000000, 0.7071067811865417996 ) ) ;
#109 = ORIENTED_EDGE ( 'NONE', *, *, #1401, .F. ) ;
#110 = ORIENTED_EDGE ( 'NONE', *, *, #1748, .F. ) ;
#111 = CARTESIAN_POINT ( 'NONE',  ( -2.700000000000001066, -1.000000000000000000, -9.096344979106680208E-15 ) ) ;
#112 = UNCERTAINTY_MEASURE_WITH_UNIT (LENGTH_MEASURE( 1.000000000000000082E-05 ), #873, 'distance_accuracy_value', 'NONE');
#113 = FACE_OUTER_BOUND ( 'NONE', #508, .T. ) ;
#114 = EDGE_CURVE ( 'NONE', #982, #1897, #503, .T. ) ;
#115 = ADVANCED_FACE ( 'NONE', ( #607 ), #1521, .F. ) ;
#116 = LINE ( 'NONE', #417, #578 ) ;
#117 = AXIS2_PLACEMENT_3D ( 'NONE', #1481, #319, #1184 ) ;
#118 = VECTOR ( 'NONE', #850, 1000.000000000000000 ) ;
#119 = DIRECTION ( 'NONE',  ( 0.7071067811865417996, 0.000000000000000000, 0.7071067811865532349 ) ) ;
#120 = DIRECTION ( 'NONE',  ( 0.7071067811865417996, 0.000000000000000000, 0.7071067811865532349 ) ) ;
#121 = SURFACE_STYLE_USAGE ( .BOTH. , #811 ) ;
#122 = DIRECTION ( 'NONE',  ( -3.491481338843133355E-15, 0.000000000000000000, 1.000000000000000000 ) ) ;
#123 = CARTESIAN_POINT ( 'NONE',  ( -1.100000000000007638, -4.500000000000000000, 2.399999999999996358 ) ) ;
#124 = EDGE_CURVE ( 'NONE', #1596, #969, #40, .T. ) ;
#125 = VERTEX_POINT ( 'NONE', #1529 ) ;
#126 = EDGE_CURVE ( 'NONE', #1235, #886, #1206, .T. ) ;
#127 = DIRECTION ( 'NONE',  ( 3.491481338843133355E-15, 0.000000000000000000, -1.000000000000000000 ) ) ;
#128 =( NAMED_UNIT ( * ) PLANE_ANGLE_UNIT ( ) SI_UNIT ( $, .RADIAN. ) );
#129 = AXIS2_PLACEMENT_3D ( 'NONE', #698, #119, #1859 ) ;
#130 = UNCERTAINTY_MEASURE_WITH_UNIT (LENGTH_MEASURE( 1.000000000000000082E-05 ), #661, 'distance_accuracy_value', 'NONE');
#131 = CARTESIAN_POINT ( 'NONE',  ( -1.808578643762687621, 0.000000000000000000, -2.300000000000006928 ) ) ;
#132 = DIRECTION ( 'NONE',  ( 1.000000000000000000, 0.000000000000000000, 3.491481338843133355E-15 ) ) ;
#133 = AXIS2_PLACEMENT_3D ( 'NONE', #522, #1852, #1576 ) ;
#134 = DIRECTION ( 'NONE',  ( 3.491481338843133355E-15, 0.000000000000000000, -1.000000000000000000 ) ) ;
#135 = EDGE_CURVE ( 'NONE', #899, #1794, #59, .T. ) ;
#136 = LINE ( 'NONE', #284, #419 ) ;
#137 = FACE_OUTER_BOUND ( 'NONE', #1655, .T. ) ;
#138 = EDGE_LOOP ( 'NONE', ( #17, #903, #386, #1543 ) ) ;
#139 = CARTESIAN_POINT ( 'NONE',  ( -1.849999999999996092, -1.000000000000000000, -2.400000000000006128 ) ) ;
#140 = EDGE_LOOP ( 'NONE', ( #1474, #351, #616, #1848 ) ) ;
#141 = DIRECTION ( 'NONE',  ( 0.000000000000000000, -1.000000000000000000, 0.000000000000000000 ) ) ;
#142 = CARTESIAN_POINT ( 'NONE',  ( 1.781124162059305460, 0.06628098207626940963, -2.233719017923724959 ) ) ;
#143 = ADVANCED_FACE ( 'NONE', ( #494 ), #1089, .F. ) ;
#144 = EDGE_CURVE ( 'NONE', #1075, #518, #1536, .T. ) ;
#145 = DIRECTION ( 'NONE',  ( -1.000000000000000000, 0.000000000000000000, -3.491481338843133355E-15 ) ) ;
#146 = EDGE_CURVE ( 'NONE', #664, #473, #511, .T. ) ;
#147 = ORIENTED_EDGE ( 'NONE', *, *, #1097, .F. ) ;
#148 = DIRECTION ( 'NONE',  ( -1.000000000000000000, 0.000000000000000000, -3.491481338843133355E-15 ) ) ;
#149 = ORIENTED_EDGE ( 'NONE', *, *, #1518, .T. ) ;
#150 = DIRECTION ( 'NONE',  ( -0.7071067811865485719, 0.000000000000000000, -0.7071067811865465735 ) ) ;
#151 = VECTOR ( 'NONE', #1513, 1000.000000000000000 ) ;
#152 = COLOUR_RGB ( '',1.000000000000000000, 1.000000000000000000, 1.000000000000000000 ) ;
#153 = LINE ( 'NONE', #14, #1731 ) ;
#154 = CARTESIAN_POINT ( 'NONE',  ( -2.699999999999992628, -1.000000000000000000, -2.400000000000009237 ) ) ;
#155 = CARTESIAN_POINT ( 'NONE',  ( 0.000000000000000000, 0.000000000000000000, 0.000000000000000000 ) ) ;
#156 = EDGE_LOOP ( 'NONE', ( #1010, #1809, #1560, #474 ) ) ;
#157 = CARTESIAN_POINT ( 'NONE',  ( -3.000000000000007550, -4.200000000000000178, 2.399999999999988809 ) ) ;
#158 = ORIENTED_EDGE ( 'NONE', *, *, #1688, .T. ) ;
#159 = DIRECTION ( 'NONE',  ( -0.7071067811865532349, 0.000000000000000000, 0.7071067811865416886 ) ) ;
#160 = VECTOR ( 'NONE', #1039, 1000.000000000000000 ) ;
#161 = FILL_AREA_STYLE_COLOUR ( '', #613 ) ;
#162 = AXIS2_PLACEMENT_3D ( 'NONE', #275, #1169, #148 ) ;
#163 = CARTESIAN_POINT ( 'NONE',  ( 1.099999999999990763, -4.200000000000000178, 2.400000000000003908 ) ) ;
#164 = VERTEX_POINT ( 'NONE', #1266 ) ;
#165 = EDGE_LOOP ( 'NONE', ( #1851, #1840, #789, #1128, #1136 ) ) ;
#166 = ADVANCED_FACE ( 'NONE', ( #551 ), #1726, .F. ) ;
#167 = ORIENTED_EDGE ( 'NONE', *, *, #1293, .T. ) ;
#168 = CARTESIAN_POINT ( 'NONE',  ( 0.000000000000000000, -3.499999999999999556, 0.000000000000000000 ) ) ;
#169 = DIRECTION ( 'NONE',  ( 1.000000000000000000, 0.000000000000000000, 3.034975160954500345E-15 ) ) ;
#170 = LINE ( 'NONE', #583, #1027 ) ;
#171 = VERTEX_POINT ( 'NONE', #1131 ) ;
#172 = ORIENTED_EDGE ( 'NONE', *, *, #126, .F. ) ;
#173 = VERTEX_POINT ( 'NONE', #256 ) ;
#174 = DIRECTION ( 'NONE',  ( 1.000000000000000000, 0.000000000000000000, 2.045878442195785170E-15 ) ) ;
#175 = ORIENTED_EDGE ( 'NONE', *, *, #1556, .F. ) ;
#176 = PLANE ( 'NONE',  #1348 ) ;
#177 = CARTESIAN_POINT ( 'NONE',  ( -3.000000000000007550, -9.662363799656123575, 2.399999999999988809 ) ) ;
#178 = VECTOR ( 'NONE', #1715, 1000.000000000000000 ) ;
#179 = DIRECTION ( 'NONE',  ( 0.000000000000000000, 1.000000000000000000, 0.000000000000000000 ) ) ;
#180 = ORIENTED_EDGE ( 'NONE', *, *, #1402, .T. ) ;
#181 = ORIENTED_EDGE ( 'NONE', *, *, #1241, .F. ) ;
#182 = ORIENTED_EDGE ( 'NONE', *, *, #922, .T. ) ;
#183 =( LENGTH_UNIT ( ) NAMED_UNIT ( * ) SI_UNIT ( .MILLI., .METRE. ) );
#184 = PLANE ( 'NONE',  #1260 ) ;
#185 = CARTESIAN_POINT ( 'NONE',  ( 1.850000000000012967, 0.000000000000000000, -2.299999999999994049 ) ) ;
#186 = DIRECTION ( 'NONE',  ( 1.000000000000000000, 0.000000000000000000, 3.491481338843133355E-15 ) ) ;
#187 = VECTOR ( 'NONE', #1718, 1000.000000000000000 ) ;
#188 = EDGE_CURVE ( 'NONE', #835, #1339, #700, .T. ) ;
#189 = PRESENTATION_LAYER_ASSIGNMENT (  '', '', ( #1016 ) ) ;
#190 = DIRECTION ( 'NONE',  ( -1.000000000000000000, 0.000000000000000000, -3.947987516731766760E-15 ) ) ;
#191 = ORIENTED_EDGE ( 'NONE', *, *, #724, .T. ) ;
#192 = CARTESIAN_POINT ( 'NONE',  ( 1.099999999999990763, -4.500000000000000000, 2.400000000000003908 ) ) ;
#193 = CARTESIAN_POINT ( 'NONE',  ( -1.249999999999989564, -4.500000000000000000, -3.000000000000003109 ) ) ;
#194 = EDGE_LOOP ( 'NONE', ( #1265, #325, #147, #232 ) ) ;
#195 = LINE ( 'NONE', #958, #1285 ) ;
#196 = ORIENTED_EDGE ( 'NONE', *, *, #1574, .T. ) ;
#197 = VECTOR ( 'NONE', #774, 1000.000000000000000 ) ;
#198 = EDGE_CURVE ( 'NONE', #1396, #1838, #1107, .T. ) ;
#199 = EDGE_CURVE ( 'NONE', #765, #1117, #996, .T. ) ;
#200 = ORIENTED_EDGE ( 'NONE', *, *, #524, .T. ) ;
#201 = VECTOR ( 'NONE', #1417, 1000.000000000000000 ) ;
#202 = LINE ( 'NONE', #628, #569 ) ;
#203 = CARTESIAN_POINT ( 'NONE',  ( 3.000000000000007550, -4.200000000000000178, -2.399999999999988809 ) ) ;
#204 = SURFACE_STYLE_USAGE ( .BOTH. , #804 ) ;
#205 = ORIENTED_EDGE ( 'NONE', *, *, #1228, .T. ) ;
#206 = CARTESIAN_POINT ( 'NONE',  ( 3.000000000000007550, -4.200000000000000178, -2.399999999999988809 ) ) ;
#207 = EDGE_LOOP ( 'NONE', ( #960, #791, #181, #29 ) ) ;
#208 = VERTEX_POINT ( 'NONE', #520 ) ;
#209 = CARTESIAN_POINT ( 'NONE',  ( 1.100000000000007638, -4.200000000000000178, -2.399999999999995026 ) ) ;
#210 = EDGE_CURVE ( 'NONE', #356, #595, #1737, .T. ) ;
#211 = CARTESIAN_POINT ( 'NONE',  ( 2.699999999999992628, -1.000000000000000000, 2.400000000000009237 ) ) ;
#212 = PLANE ( 'NONE',  #751 ) ;
#213 = EDGE_CURVE ( 'NONE', #1702, #1395, #1120, .T. ) ;
#214 = FACE_OUTER_BOUND ( 'NONE', #567, .T. ) ;
#215 = VECTOR ( 'NONE', #1014, 1000.000000000000000 ) ;
#216 = CARTESIAN_POINT ( 'NONE',  ( 1.100000000000007638, -4.200000000000000178, -2.399999999999995026 ) ) ;
#217 = ORIENTED_EDGE ( 'NONE', *, *, #408, .T. ) ;
#218 = MECHANICAL_DESIGN_GEOMETRIC_PRESENTATION_REPRESENTATION (  '', ( #898 ), #1048 ) ;
#219 = DIRECTION ( 'NONE',  ( 1.000000000000000000, 0.000000000000000000, 3.491481338843133355E-15 ) ) ;
#220 = FACE_OUTER_BOUND ( 'NONE', #10, .T. ) ;
#221 = LINE ( 'NONE', #1100, #201 ) ;
#222 = EDGE_CURVE ( 'NONE', #1395, #1794, #855, .T. ) ;
#223 = CARTESIAN_POINT ( 'NONE',  ( 3.000000000000000888, -3.499999999999999556, 1.047444401652940322E-14 ) ) ;
#224 = DIRECTION ( 'NONE',  ( 1.000000000000000000, 0.000000000000000000, 3.491481338843133355E-15 ) ) ;
#225 = ORIENTED_EDGE ( 'NONE', *, *, #601, .T. ) ;
#226 = DIRECTION ( 'NONE',  ( 1.000000000000000000, 0.000000000000000000, 3.401131157802674784E-15 ) ) ;
#227 = VECTOR ( 'NONE', #230, 1000.000000000000114 ) ;
#228 = PLANE ( 'NONE',  #35 ) ;
#229 = CARTESIAN_POINT ( 'NONE',  ( 2.461057336862257472, -1.382945975220889245, 4.922114673724558465 ) ) ;
#230 = DIRECTION ( 'NONE',  ( 0.7071067811865532349, 0.000000000000000000, -0.7071067811865417996 ) ) ;
#231 = EDGE_CURVE ( 'NONE', #1596, #240, #1415, .T. ) ;
#232 = ORIENTED_EDGE ( 'NONE', *, *, #1696, .F. ) ;
#233 = VERTEX_POINT ( 'NONE', #533 ) ;
#234 = DIRECTION ( 'NONE',  ( 0.000000000000000000, 1.000000000000000000, 0.000000000000000000 ) ) ;
#235 = DIRECTION ( 'NONE',  ( -1.000000000000000000, 0.000000000000000000, -3.491481338843133355E-15 ) ) ;
#236 = VECTOR ( 'NONE', #931, 1000.000000000000000 ) ;
#237 = VECTOR ( 'NONE', #1382, 1000.000000000000000 ) ;
#238 = CARTESIAN_POINT ( 'NONE',  ( -1.249999999999989564, -1.000000000000000000, -3.000000000000003109 ) ) ;
#239 = CARTESIAN_POINT ( 'NONE',  ( -1.099999999999990763, -4.200000000000000178, -2.400000000000003020 ) ) ;
#240 = VERTEX_POINT ( 'NONE', #542 ) ;
#241 = CARTESIAN_POINT ( 'NONE',  ( 2.700000000000009059, -0.09999999999999939493, -2.399999999999990141 ) ) ;
#242 = CARTESIAN_POINT ( 'NONE',  ( 1.250000000000010436, -1.000000000000000000, -2.999999999999994227 ) ) ;
#243 = LINE ( 'NONE', #868, #885 ) ;
#244 = ORIENTED_EDGE ( 'NONE', *, *, #324, .F. ) ;
#245 = EDGE_CURVE ( 'NONE', #587, #314, #729, .T. ) ;
#246 = CARTESIAN_POINT ( 'NONE',  ( -2.999999999999991118, -3.499999999999999556, -2.400000000000009681 ) ) ;
#247 = CARTESIAN_POINT ( 'NONE',  ( -1.250000000000010436, -4.500000000000000000, 2.999999999999994227 ) ) ;
#248 = VECTOR ( 'NONE', #460, 1000.000000000000000 ) ;
#249 = CARTESIAN_POINT ( 'NONE',  ( 0.000000000000000000, 0.000000000000000000, 0.000000000000000000 ) ) ;
#250 = VECTOR ( 'NONE', #1078, 1000.000000000000114 ) ;
#251 = CARTESIAN_POINT ( 'NONE',  ( -2.700000000000009059, -1.000000000000000000, 2.399999999999990141 ) ) ;
#252 = ORIENTED_EDGE ( 'NONE', *, *, #568, .F. ) ;
#253 = EDGE_LOOP ( 'NONE', ( #1046, #1255, #1562, #311 ) ) ;
#254 = LINE ( 'NONE', #989, #640 ) ;
#255 = LINE ( 'NONE', #845, #808 ) ;
#256 = CARTESIAN_POINT ( 'NONE',  ( 1.849999999999996092, -3.499999999999999556, 2.400000000000006128 ) ) ;
#257 = CARTESIAN_POINT ( 'NONE',  ( 1.099999999999990763, -4.500000000000000000, 2.400000000000003908 ) ) ;
#258 = LINE ( 'NONE', #410, #1431 ) ;
#259 = ADVANCED_FACE ( 'NONE', ( #837 ), #377, .T. ) ;
#260 = VECTOR ( 'NONE', #8, 1000.000000000000000 ) ;
#261 = VECTOR ( 'NONE', #1698, 1000.000000000000000 ) ;
#262 = FACE_OUTER_BOUND ( 'NONE', #1613, .T. ) ;
#263 = CARTESIAN_POINT ( 'NONE',  ( -1.179289321881356489, 0.000000000000000000, 2.929289321881340502 ) ) ;
#264 = DIRECTION ( 'NONE',  ( 3.034975160954499951E-15, 0.000000000000000000, -1.000000000000000000 ) ) ;
#265 = CARTESIAN_POINT ( 'NONE',  ( -3.000000000000007550, -4.200000000000000178, 2.399999999999988809 ) ) ;
#266 = EDGE_CURVE ( 'NONE', #1204, #314, #1129, .T. ) ;
#267 = ORIENTED_EDGE ( 'NONE', *, *, #559, .F. ) ;
#268 = CARTESIAN_POINT ( 'NONE',  ( 1.250000000000010436, -3.499999999999999556, -2.999999999999994227 ) ) ;
#269 = VERTEX_POINT ( 'NONE', #1586 ) ;
#270 = MANIFOLD_SOLID_BREP ( 'Body-Move/Copy1[3]', #1628 ) ;
#271 = DIRECTION ( 'NONE',  ( 0.7071067811865532349, 0.000000000000000000, -0.7071067811865416886 ) ) ;
#272 = VECTOR ( 'NONE', #134, 1000.000000000000000 ) ;
#273 = CARTESIAN_POINT ( 'NONE',  ( 8.927362626689874458E-15, -4.500000000000000000, -2.399999999999998579 ) ) ;
#274 = ORIENTED_EDGE ( 'NONE', *, *, #941, .T. ) ;
#275 = CARTESIAN_POINT ( 'NONE',  ( -8.030407079339208295E-15, 0.000000000000000000, 2.300000000000000266 ) ) ;
#276 = VECTOR ( 'NONE', #1099, 1000.000000000000000 ) ;
#277 = AXIS2_PLACEMENT_3D ( 'NONE', #1360, #1207, #757 ) ;
#278 = CARTESIAN_POINT ( 'NONE',  ( 2.054289321881347163, 0.000000000000000000, -2.054289321881351604 ) ) ;
#279 = EDGE_CURVE ( 'NONE', #1088, #434, #1446, .T. ) ;
#280 = DIRECTION ( 'NONE',  ( 0.000000000000000000, 1.000000000000000000, 0.000000000000000000 ) ) ;
#281 = EDGE_CURVE ( 'NONE', #1492, #647, #136, .T. ) ;
#282 = MANIFOLD_SOLID_BREP ( 'Body-Move/Copy1[4]', #387 ) ;
#283 = PRODUCT ( 'SRN6045TA-4R7M_SRN6045TA-4R7M', 'SRN6045TA-4R7M_SRN6045TA-4R7M', '', ( #376 ) ) ;
#284 = CARTESIAN_POINT ( 'NONE',  ( -1.099999999999990763, -4.500000000000000000, -2.400000000000003020 ) ) ;
#285 = CARTESIAN_POINT ( 'NONE',  ( 1.100000000000007638, -4.500000000000000000, -2.399999999999995470 ) ) ;
#286 = ORIENTED_EDGE ( 'NONE', *, *, #1457, .T. ) ;
#287 = SURFACE_STYLE_USAGE ( .BOTH. , #1157 ) ;
#288 = MANIFOLD_SOLID_BREP ( 'Body-Move/Copy1[2]', #1226 ) ;
#289 = VERTEX_POINT ( 'NONE', #1347 ) ;
#290 = DIRECTION ( 'NONE',  ( 0.000000000000000000, -1.000000000000000000, 0.000000000000000000 ) ) ;
#291 = CARTESIAN_POINT ( 'NONE',  ( 2.999999999999991118, -4.500000000000000000, 2.400000000000009681 ) ) ;
#292 = ORIENTED_EDGE ( 'NONE', *, *, #324, .T. ) ;
#293 = FACE_OUTER_BOUND ( 'NONE', #1300, .T. ) ;
#294 = DIRECTION ( 'NONE',  ( 1.000000000000000000, 0.000000000000000000, 3.491481338843133355E-15 ) ) ;
#295 = VERTEX_POINT ( 'NONE', #1180 ) ;
#296 = DIRECTION ( 'NONE',  ( 3.491481338843133355E-15, 0.000000000000000000, -1.000000000000000000 ) ) ;
#297 = ORIENTED_EDGE ( 'NONE', *, *, #760, .F. ) ;
#298 = FACE_OUTER_BOUND ( 'NONE', #38, .T. ) ;
#299 = VECTOR ( 'NONE', #1788, 1000.000000000000000 ) ;
#300 = PLANE ( 'NONE',  #1240 ) ;
#301 = CARTESIAN_POINT ( 'NONE',  ( 1.733333333333329174, 0.8666666666666670293, 1.433333333333339343 ) ) ;
#302 = EDGE_CURVE ( 'NONE', #500, #1213, #1328, .T. ) ;
#303 = ADVANCED_FACE ( 'NONE', ( #2 ), #1475, .F. ) ;
#304 =( LENGTH_UNIT ( ) NAMED_UNIT ( * ) SI_UNIT ( .MILLI., .METRE. ) );
#305 = ORIENTED_EDGE ( 'NONE', *, *, #1795, .F. ) ;
#306 = DIRECTION ( 'NONE',  ( 3.491481338843133355E-15, 0.000000000000000000, -1.000000000000000000 ) ) ;
#307 = VERTEX_POINT ( 'NONE', #139 ) ;
#308 = FACE_OUTER_BOUND ( 'NONE', #1625, .T. ) ;
#309 = FACE_OUTER_BOUND ( 'NONE', #1106, .T. ) ;
#310 = CARTESIAN_POINT ( 'NONE',  ( 1.250000000000010436, -1.000000000000000000, -2.999999999999994227 ) ) ;
#311 = ORIENTED_EDGE ( 'NONE', *, *, #1594, .F. ) ;
#312 = ORIENTED_EDGE ( 'NONE', *, *, #1502, .T. ) ;
#313 = CARTESIAN_POINT ( 'NONE',  ( -2.700000000000001066, -1.000000000000000000, -9.096344979106680208E-15 ) ) ;
#314 = VERTEX_POINT ( 'NONE', #313 ) ;
#315 = ADVANCED_FACE ( 'NONE', ( #465 ), #745, .F. ) ;
#316 = DIRECTION ( 'NONE',  ( 0.000000000000000000, 1.000000000000000000, 0.000000000000000000 ) ) ;
#317 = CARTESIAN_POINT ( 'NONE',  ( -1.100000000000007638, -4.200000000000000178, 2.399999999999996358 ) ) ;
#318 = AXIS2_PLACEMENT_3D ( 'NONE', #790, #1837, #372 ) ;
#319 = DIRECTION ( 'NONE',  ( 3.491481338843133355E-15, 0.000000000000000000, -1.000000000000000000 ) ) ;
#320 = ORIENTED_EDGE ( 'NONE', *, *, #399, .F. ) ;
#321 = ORIENTED_EDGE ( 'NONE', *, *, #1109, .F. ) ;
#322 = DIRECTION ( 'NONE',  ( 0.000000000000000000, 1.000000000000000000, 0.000000000000000000 ) ) ;
#323 = DIRECTION ( 'NONE',  ( 1.000000000000000000, 0.000000000000000000, 3.491481338843133355E-15 ) ) ;
#324 = EDGE_CURVE ( 'NONE', #314, #587, #1490, .T. ) ;
#325 = ORIENTED_EDGE ( 'NONE', *, *, #683, .F. ) ;
#326 = LINE ( 'NONE', #42, #1620 ) ;
#327 = ADVANCED_FACE ( 'NONE', ( #1786 ), #866, .T. ) ;
#328 = DIRECTION ( 'NONE',  ( 1.000000000000000000, 0.000000000000000000, 3.114367539717738279E-15 ) ) ;
#329 = VECTOR ( 'NONE', #1290, 1000.000000000000000 ) ;
#330 = LINE ( 'NONE', #301, #1682 ) ;
#331 = VERTEX_POINT ( 'NONE', #1019 ) ;
#332 = LINE ( 'NONE', #952, #665 ) ;
#333 = DIRECTION ( 'NONE',  ( -1.000000000000000000, 0.000000000000000000, -3.263228249898817048E-15 ) ) ;
#334 = LINE ( 'NONE', #21, #1812 ) ;
#335 = VECTOR ( 'NONE', #1583, 1000.000000000000000 ) ;
#336 =( NAMED_UNIT ( * ) PLANE_ANGLE_UNIT ( ) SI_UNIT ( $, .RADIAN. ) );
#337 = ADVANCED_FACE ( 'NONE', ( #1766 ), #447, .T. ) ;
#338 = EDGE_CURVE ( 'NONE', #208, #1073, #608, .T. ) ;
#339 = AXIS2_PLACEMENT_3D ( 'NONE', #695, #1595, #1308 ) ;
#340 = VECTOR ( 'NONE', #11, 1000.000000000000000 ) ;
#341 = CARTESIAN_POINT ( 'NONE',  ( -2.700000000000009059, -0.09999999999999940881, 2.399999999999990141 ) ) ;
#342 = EDGE_CURVE ( 'NONE', #595, #1528, #728, .T. ) ;
#343 = ORIENTED_EDGE ( 'NONE', *, *, #245, .F. ) ;
#344 = ORIENTED_EDGE ( 'NONE', *, *, #682, .F. ) ;
#345 = CARTESIAN_POINT ( 'NONE',  ( 1.733333333333339166, 0.8666666666666670293, -1.433333333333327353 ) ) ;
#346 = DIRECTION ( 'NONE',  ( 1.000000000000000000, 0.000000000000000000, 3.491481338843133355E-15 ) ) ;
#347 = SURFACE_SIDE_STYLE ('',( #506 ) ) ;
#348 = ORIENTED_EDGE ( 'NONE', *, *, #1149, .F. ) ;
#349 = LINE ( 'NONE', #1276, #470 ) ;
#350 = ORIENTED_EDGE ( 'NONE', *, *, #1645, .F. ) ;
#351 = ORIENTED_EDGE ( 'NONE', *, *, #1411, .T. ) ;
#352 = DIRECTION ( 'NONE',  ( -1.000000000000000000, 0.000000000000000000, -3.491481338843133355E-15 ) ) ;
#353 = CARTESIAN_POINT ( 'NONE',  ( 1.114083164296538531, 0.2281322681101606298, -2.671867731889834729 ) ) ;
#354 = DIRECTION ( 'NONE',  ( 0.000000000000000000, -1.000000000000000000, 0.000000000000000000 ) ) ;
#355 = CARTESIAN_POINT ( 'NONE',  ( 1.249999999999989564, -3.499999999999999556, 3.000000000000003109 ) ) ;
#356 = VERTEX_POINT ( 'NONE', #1196 ) ;
#357 = SHAPE_DEFINITION_REPRESENTATION ( #1466, #1052 ) ;
#358 = CARTESIAN_POINT ( 'NONE',  ( 1.099999999999990763, -4.200000000000000178, 2.400000000000003908 ) ) ;
#359 = CARTESIAN_POINT ( 'NONE',  ( -1.208578643762701743, 0.000000000000000000, 2.899999999999995026 ) ) ;
#360 = EDGE_CURVE ( 'NONE', #1580, #718, #1186, .T. ) ;
#361 = ADVANCED_FACE ( 'NONE', ( #577 ), #455, .T. ) ;
#362 = CARTESIAN_POINT ( 'NONE',  ( 2.700000000000001066, -1.000000000000000000, 8.765690343336892468E-15 ) ) ;
#363 = PLANE ( 'NONE',  #1460 ) ;
#364 = VECTOR ( 'NONE', #1252, 1000.000000000000000 ) ;
#365 = DIRECTION ( 'NONE',  ( 0.000000000000000000, -1.000000000000000000, 0.000000000000000000 ) ) ;
#366 = ORIENTED_EDGE ( 'NONE', *, *, #1241, .T. ) ;
#367 = DIRECTION ( 'NONE',  ( -0.7071067811865466846, 0.000000000000000000, 0.7071067811865483499 ) ) ;
#368 = FACE_OUTER_BOUND ( 'NONE', #1067, .T. ) ;
#369 = DIRECTION ( 'NONE',  ( -0.2810846377148202291, -0.6785983445458475538, 0.6785983445458465546 ) ) ;
#370 = EDGE_CURVE ( 'NONE', #679, #3, #1029, .T. ) ;
#371 = DIRECTION ( 'NONE',  ( 0.000000000000000000, -1.000000000000000000, 0.000000000000000000 ) ) ;
#372 = DIRECTION ( 'NONE',  ( -0.7071067811865532349, 0.000000000000000000, 0.7071067811865417996 ) ) ;
#373 = ORIENTED_EDGE ( 'NONE', *, *, #399, .T. ) ;
#374 = VECTOR ( 'NONE', #1370, 1000.000000000000000 ) ;
#375 = ORIENTED_EDGE ( 'NONE', *, *, #428, .F. ) ;
#376 = PRODUCT_CONTEXT ( 'NONE', #891, 'mechanical' ) ;
#377 = PLANE ( 'NONE',  #634 ) ;
#378 = DIRECTION ( 'NONE',  ( 3.401131157802674784E-15, 0.000000000000000000, -1.000000000000000000 ) ) ;
#379 = LINE ( 'NONE', #803, #938 ) ;
#380 = FACE_OUTER_BOUND ( 'NONE', #165, .T. ) ;
#381 = CARTESIAN_POINT ( 'NONE',  ( -2.699999999999992628, -0.09999999999999940881, -2.400000000000009237 ) ) ;
#382 = EDGE_CURVE ( 'NONE', #1580, #1608, #1776, .T. ) ;
#383 = CARTESIAN_POINT ( 'NONE',  ( 2.600000000000009859, 0.000000000000000000, -2.299999999999991385 ) ) ;
#384 = CARTESIAN_POINT ( 'NONE',  ( -1.100000000000007638, -9.662363799656123575, 2.399999999999996358 ) ) ;
#385 = ORIENTED_EDGE ( 'NONE', *, *, #1230, .T. ) ;
#386 = ORIENTED_EDGE ( 'NONE', *, *, #805, .T. ) ;
#387 = CLOSED_SHELL ( 'NONE', ( #327, #537, #1253, #1001, #1780, #259, #1617, #704, #23, #1282, #1191, #1887, #1083, #1769, #579, #337, #521, #818, #946, #1782, #1217, #1515, #1482, #416, #619, #1023 ) ) ;
#388 = CARTESIAN_POINT ( 'NONE',  ( -1.099999999999990763, -4.200000000000000178, -2.400000000000003020 ) ) ;
#389 = CARTESIAN_POINT ( 'NONE',  ( -2.600000000000001421, 0.000000000000000000, -9.077851480992153035E-15 ) ) ;
#390 = AXIS2_PLACEMENT_3D ( 'NONE', #1172, #290, #1759 ) ;
#391 = AXIS2_PLACEMENT_3D ( 'NONE', #1679, #352, #943 ) ;
#392 = FACE_OUTER_BOUND ( 'NONE', #1692, .T. ) ;
#393 = CARTESIAN_POINT ( 'NONE',  ( 1.249999999999989564, -0.09999999999999939493, 3.000000000000003109 ) ) ;
#394 = LINE ( 'NONE', #381, #456 ) ;
#395 = CARTESIAN_POINT ( 'NONE',  ( 2.999999999999991118, -4.200000000000000178, 2.400000000000009681 ) ) ;
#396 = EDGE_CURVE ( 'NONE', #1368, #718, #788, .T. ) ;
#397 = LINE ( 'NONE', #571, #1227 ) ;
#398 = ORIENTED_EDGE ( 'NONE', *, *, #231, .F. ) ;
#399 = EDGE_CURVE ( 'NONE', #1528, #969, #1090, .T. ) ;
#400 = DIRECTION ( 'NONE',  ( 3.491481338843133355E-15, 0.000000000000000000, -1.000000000000000000 ) ) ;
#401 = CARTESIAN_POINT ( 'NONE',  ( -2.700000000000009059, -0.09999999999999939493, 2.399999999999990141 ) ) ;
#402 = AXIS2_PLACEMENT_3D ( 'NONE', #737, #907, #174 ) ;
#403 = DIRECTION ( 'NONE',  ( -3.491481338843133355E-15, 0.000000000000000000, 1.000000000000000000 ) ) ;
#404 = VERTEX_POINT ( 'NONE', #1843 ) ;
#405 = DIRECTION ( 'NONE',  ( 0.2810846377148154551, -0.6785983445458475538, 0.6785983445458485530 ) ) ;
#406 = ORIENTED_EDGE ( 'NONE', *, *, #146, .F. ) ;
#407 = DIRECTION ( 'NONE',  ( 0.7071067811865483499, 0.000000000000000000, 0.7071067811865465735 ) ) ;
#408 = EDGE_CURVE ( 'NONE', #233, #208, #802, .T. ) ;
#409 = CARTESIAN_POINT ( 'NONE',  ( 1.249999999999989564, -1.000000000000000000, 3.000000000000003109 ) ) ;
#410 = CARTESIAN_POINT ( 'NONE',  ( -1.849999999999996758, -4.200000000000000178, -2.400000000000005240 ) ) ;
#411 = EDGE_LOOP ( 'NONE', ( #1861, #1451, #915, #1573 ) ) ;
#412 = DIRECTION ( 'NONE',  ( 0.7071067811865532349, 0.000000000000000000, -0.7071067811865417996 ) ) ;
#413 = CARTESIAN_POINT ( 'NONE',  ( -1.850000000000013189, -4.500000000000000000, 2.399999999999993250 ) ) ;
#414 = EDGE_CURVE ( 'NONE', #1312, #1368, #926, .T. ) ;
#415 = VERTEX_POINT ( 'NONE', #60 ) ;
#416 = ADVANCED_FACE ( 'NONE', ( #1511 ), #630, .T. ) ;
#417 = CARTESIAN_POINT ( 'NONE',  ( -1.850000000000013634, -4.500000000000000000, 2.399999999999993250 ) ) ;
#418 = PRODUCT ( 'SRN6045TA-4R7M', 'SRN6045TA-4R7M', '', ( #68 ) ) ;
#419 = VECTOR ( 'NONE', #1472, 1000.000000000000000 ) ;
#420 = ORIENTED_EDGE ( 'NONE', *, *, #1168, .F. ) ;
#421 = DIRECTION ( 'NONE',  ( 0.000000000000000000, 1.000000000000000000, 0.000000000000000000 ) ) ;
#422 = ORIENTED_EDGE ( 'NONE', *, *, #1558, .F. ) ;
#423 = SURFACE_STYLE_FILL_AREA ( #1894 ) ;
#424 = DIRECTION ( 'NONE',  ( 0.7071067811865532349, -0.000000000000000000, -0.7071067811865416886 ) ) ;
#425 = VERTEX_POINT ( 'NONE', #193 ) ;
#426 = DIRECTION ( 'NONE',  ( 0.000000000000000000, -1.000000000000000000, 0.000000000000000000 ) ) ;
#427 = AXIS2_PLACEMENT_3D ( 'NONE', #1716, #512, #973 ) ;
#428 = EDGE_CURVE ( 'NONE', #820, #75, #1824, .T. ) ;
#429 = VECTOR ( 'NONE', #1755, 1000.000000000000000 ) ;
#430 = ORIENTED_EDGE ( 'NONE', *, *, #396, .F. ) ;
#431 = CARTESIAN_POINT ( 'NONE',  ( -2.699999999999992628, -1.000000000000000000, -2.400000000000009237 ) ) ;
#432 = EDGE_CURVE ( 'NONE', #547, #404, #780, .T. ) ;
#433 = CARTESIAN_POINT ( 'NONE',  ( -2.999999999999991118, -3.499999999999999556, -2.400000000000009681 ) ) ;
#434 = VERTEX_POINT ( 'NONE', #1383 ) ;
#435 = DIRECTION ( 'NONE',  ( -1.000000000000000000, 0.000000000000000000, -3.491481338843133355E-15 ) ) ;
#436 = ORIENTED_EDGE ( 'NONE', *, *, #279, .F. ) ;
#437 = DIRECTION ( 'NONE',  ( -3.114367539717738279E-15, 0.000000000000000000, 1.000000000000000000 ) ) ;
#438 = ORIENTED_EDGE ( 'NONE', *, *, #479, .F. ) ;
#439 = CARTESIAN_POINT ( 'NONE',  ( -2.600000000000009859, 0.000000000000000000, 2.399999999999990585 ) ) ;
#440 = VECTOR ( 'NONE', #224, 1000.000000000000000 ) ;
#441 = VECTOR ( 'NONE', #651, 1000.000000000000000 ) ;
#442 = LINE ( 'NONE', #890, #552 ) ;
#443 = EDGE_CURVE ( 'NONE', #1073, #1316, #1817, .T. ) ;
#444 = DIRECTION ( 'NONE',  ( 0.000000000000000000, -1.000000000000000000, 0.000000000000000000 ) ) ;
#445 = ORIENTED_EDGE ( 'NONE', *, *, #302, .F. ) ;
#446 = VERTEX_POINT ( 'NONE', #1390 ) ;
#447 = PLANE ( 'NONE',  #162 ) ;
#448 = EDGE_LOOP ( 'NONE', ( #1802, #1534, #1456, #486 ) ) ;
#449 = LINE ( 'NONE', #431, #1719 ) ;
#450 = DIRECTION ( 'NONE',  ( 0.000000000000000000, 1.000000000000000000, 0.000000000000000000 ) ) ;
#451 = DIRECTION ( 'NONE',  ( 0.7071067811865483499, 0.000000000000000000, 0.7071067811865465735 ) ) ;
#452 =( NAMED_UNIT ( * ) PLANE_ANGLE_UNIT ( ) SI_UNIT ( $, .RADIAN. ) );
#453 = EDGE_CURVE ( 'NONE', #765, #718, #953, .T. ) ;
#454 = ORIENTED_EDGE ( 'NONE', *, *, #198, .T. ) ;
#455 = PLANE ( 'NONE',  #1762 ) ;
#456 = VECTOR ( 'NONE', #1295, 1000.000000000000000 ) ;
#457 = ORIENTED_EDGE ( 'NONE', *, *, #266, .F. ) ;
#458 = CARTESIAN_POINT ( 'NONE',  ( 1.250000000000010436, -4.500000000000000000, -2.999999999999994227 ) ) ;
#459 = VECTOR ( 'NONE', #1833, 1000.000000000000000 ) ;
#460 = DIRECTION ( 'NONE',  ( 3.491481338843133355E-15, 0.000000000000000000, -1.000000000000000000 ) ) ;
#461 = DIRECTION ( 'NONE',  ( -1.000000000000000000, 0.000000000000000000, -3.401131157802674784E-15 ) ) ;
#462 = ORIENTED_EDGE ( 'NONE', *, *, #922, .F. ) ;
#463 = EDGE_CURVE ( 'NONE', #570, #648, #1373, .T. ) ;
#464 = CARTESIAN_POINT ( 'NONE',  ( -1.099999999999990763, -4.500000000000000000, -2.400000000000003020 ) ) ;
#465 = FACE_OUTER_BOUND ( 'NONE', #1036, .T. ) ;
#466 = ADVANCED_FACE ( 'NONE', ( #1805 ), #1216, .F. ) ;
#467 = ORIENTED_EDGE ( 'NONE', *, *, #342, .T. ) ;
#468 = DIRECTION ( 'NONE',  ( -3.491481338843133355E-15, 0.000000000000000000, 1.000000000000000000 ) ) ;
#469 = DIRECTION ( 'NONE',  ( 1.000000000000000000, 0.000000000000000000, 3.491481338843133355E-15 ) ) ;
#470 = VECTOR ( 'NONE', #819, 1000.000000000000114 ) ;
#471 = CARTESIAN_POINT ( 'NONE',  ( 3.000000000000000888, -3.499999999999999556, 1.047444401652940322E-14 ) ) ;
#472 = EDGE_LOOP ( 'NONE', ( #274, #1087, #420, #755 ) ) ;
#473 = VERTEX_POINT ( 'NONE', #495 ) ;
#474 = ORIENTED_EDGE ( 'NONE', *, *, #1757, .F. ) ;
#475 =( LENGTH_UNIT ( ) NAMED_UNIT ( * ) SI_UNIT ( .MILLI., .METRE. ) );
#476 = CARTESIAN_POINT ( 'NONE',  ( -3.000000000000007550, -4.500000000000000000, 2.399999999999988809 ) ) ;
#477 = DIRECTION ( 'NONE',  ( 3.491481338843133355E-15, 0.000000000000000000, -1.000000000000000000 ) ) ;
#478 = EDGE_CURVE ( 'NONE', #1204, #1476, #1176, .T. ) ;
#479 = EDGE_CURVE ( 'NONE', #666, #1356, #1653, .T. ) ;
#480 = DIRECTION ( 'NONE',  ( 0.000000000000000000, -1.000000000000000000, 0.000000000000000000 ) ) ;
#481 = EDGE_CURVE ( 'NONE', #886, #57, #1248, .T. ) ;
#482 =( NAMED_UNIT ( * ) PLANE_ANGLE_UNIT ( ) SI_UNIT ( $, .RADIAN. ) );
#483 = AXIS2_PLACEMENT_3D ( 'NONE', #168, #833, #540 ) ;
#484 = AXIS2_PLACEMENT_3D ( 'NONE', #925, #779, #51 ) ;
#485 = CARTESIAN_POINT ( 'NONE',  ( 1.850000000000013411, -1.000000000000000000, -2.399999999999993250 ) ) ;
#486 = ORIENTED_EDGE ( 'NONE', *, *, #909, .T. ) ;
#487 = CARTESIAN_POINT ( 'NONE',  ( -1.850000000000013189, -1.000000000000000000, 2.399999999999993250 ) ) ;
#488 = DIRECTION ( 'NONE',  ( -1.000000000000000000, 0.000000000000000000, -3.491481338843133355E-15 ) ) ;
#489 = ORIENTED_EDGE ( 'NONE', *, *, #1539, .T. ) ;
#490 = AXIS2_PLACEMENT_3D ( 'NONE', #100, #226, #378 ) ;
#491 = MECHANICAL_DESIGN_GEOMETRIC_PRESENTATION_REPRESENTATION (  '', ( #739 ), #995 ) ;
#492 = CARTESIAN_POINT ( 'NONE',  ( -1.249999999999989564, -3.499999999999999556, -3.000000000000003109 ) ) ;
#493 = ORIENTED_EDGE ( 'NONE', *, *, #135, .F. ) ;
#494 = FACE_OUTER_BOUND ( 'NONE', #918, .T. ) ;
#495 = CARTESIAN_POINT ( 'NONE',  ( 2.999999999999991118, -4.200000000000000178, 2.400000000000009681 ) ) ;
#496 = CARTESIAN_POINT ( 'NONE',  ( -2.699999999999982858, -1.000000000000000000, -5.400000000000010125 ) ) ;
#497 = EDGE_CURVE ( 'NONE', #547, #636, #1680, .T. ) ;
#498 = EDGE_CURVE ( 'NONE', #664, #1876, #1398, .T. ) ;
#499 = DIRECTION ( 'NONE',  ( -1.000000000000000000, 0.000000000000000000, -3.491481338843133355E-15 ) ) ;
#500 = VERTEX_POINT ( 'NONE', #504 ) ;
#501 = AXIS2_PLACEMENT_3D ( 'NONE', #310, #893, #615 ) ;
#502 = VECTOR ( 'NONE', #1259, 1000.000000000000000 ) ;
#503 = LINE ( 'NONE', #1247, #1815 ) ;
#504 = CARTESIAN_POINT ( 'NONE',  ( -3.000000000000007550, -4.200000000000000178, 2.399999999999988809 ) ) ;
#505 = CARTESIAN_POINT ( 'NONE',  ( -1.781124162059305016, 0.06628098207626934024, 2.233719017923724959 ) ) ;
#506 = SURFACE_STYLE_FILL_AREA ( #1341 ) ;
#507 = PLANE ( 'NONE',  #691 ) ;
#508 = EDGE_LOOP ( 'NONE', ( #633, #1640, #959, #1641 ) ) ;
#509 =( GEOMETRIC_REPRESENTATION_CONTEXT ( 3 ) GLOBAL_UNCERTAINTY_ASSIGNED_CONTEXT ( ( #839 ) ) GLOBAL_UNIT_ASSIGNED_CONTEXT ( ( #669, #1279, #1177 ) ) REPRESENTATION_CONTEXT ( 'NONE', 'WORKASPACE' ) );
#510 = ORIENTED_EDGE ( 'NONE', *, *, #478, .F. ) ;
#511 = LINE ( 'NONE', #961, #821 ) ;
#512 = DIRECTION ( 'NONE',  ( 1.000000000000000000, 0.000000000000000000, 3.491481338843133355E-15 ) ) ;
#513 = CARTESIAN_POINT ( 'NONE',  ( -1.797887029861925168, -1.926639188686755766, -3.595774059723879645 ) ) ;
#514 = VECTOR ( 'NONE', #556, 1000.000000000000114 ) ;
#515 = LINE ( 'NONE', #1116, #532 ) ;
#516 = AXIS2_PLACEMENT_3D ( 'NONE', #912, #33, #721 ) ;
#517 = ORIENTED_EDGE ( 'NONE', *, *, #478, .T. ) ;
#518 = VERTEX_POINT ( 'NONE', #359 ) ;
#519 = ORIENTED_EDGE ( 'NONE', *, *, #1200, .T. ) ;
#520 = CARTESIAN_POINT ( 'NONE',  ( 2.599999999999993427, 0.000000000000000000, 2.300000000000009592 ) ) ;
#521 = ADVANCED_FACE ( 'NONE', ( #220 ), #77, .T. ) ;
#522 = CARTESIAN_POINT ( 'NONE',  ( 8.030407079339208295E-15, 0.000000000000000000, -2.300000000000000266 ) ) ;
#523 = CARTESIAN_POINT ( 'NONE',  ( 3.000000000000001332, -3.499999999999999556, 9.739655937040992332E-15 ) ) ;
#524 = EDGE_CURVE ( 'NONE', #1897, #356, #1267, .T. ) ;
#525 = DIRECTION ( 'NONE',  ( 2.468850131082265738E-15, 0.7071067811865475727, -0.7071067811865475727 ) ) ;
#526 = CARTESIAN_POINT ( 'NONE',  ( 2.461057336862275235, -1.382945975220889023, 8.592735765477612726E-15 ) ) ;
#527 = APPLICATION_CONTEXT ( 'automotive_design' ) ;
#528 = DIRECTION ( 'NONE',  ( -1.000000000000000000, 0.000000000000000000, -3.491481338843133355E-15 ) ) ;
#529 = CARTESIAN_POINT ( 'NONE',  ( -1.779289321881342589, 0.000000000000000000, -2.329289321881351071 ) ) ;
#530 = ORIENTED_EDGE ( 'NONE', *, *, #1171, .T. ) ;
#531 = APPLICATION_PROTOCOL_DEFINITION ( 'draft international standard', 'automotive_design', 1998, #527 ) ;
#532 = VECTOR ( 'NONE', #93, 1000.000000000000000 ) ;
#533 = CARTESIAN_POINT ( 'NONE',  ( 1.808578643762687621, 0.000000000000000000, 2.300000000000006928 ) ) ;
#534 = CARTESIAN_POINT ( 'NONE',  ( 1.849999999999996092, -0.09999999999999940881, 2.400000000000006128 ) ) ;
#535 = CARTESIAN_POINT ( 'NONE',  ( 1.797887029861937380, -1.926639188686755544, 5.836933694841267867E-15 ) ) ;
#536 = DIRECTION ( 'NONE',  ( 1.000000000000000000, 0.000000000000000000, 3.491481338843133355E-15 ) ) ;
#537 = ADVANCED_FACE ( 'NONE', ( #1863 ), #1132, .T. ) ;
#538 = FACE_OUTER_BOUND ( 'NONE', #18, .T. ) ;
#539 = LINE ( 'NONE', #1469, #215 ) ;
#540 = DIRECTION ( 'NONE',  ( 1.000000000000000000, 0.000000000000000000, 3.491481338843133355E-15 ) ) ;
#541 = ORIENTED_EDGE ( 'NONE', *, *, #1709, .T. ) ;
#542 = CARTESIAN_POINT ( 'NONE',  ( -1.250000000000010436, -1.000000000000000000, 2.999999999999994227 ) ) ;
#543 = VECTOR ( 'NONE', #1288, 1000.000000000000000 ) ;
#544 = UNCERTAINTY_MEASURE_WITH_UNIT (LENGTH_MEASURE( 1.000000000000000082E-05 ), #887, 'distance_accuracy_value', 'NONE');
#545 = FACE_OUTER_BOUND ( 'NONE', #472, .T. ) ;
#546 = FACE_OUTER_BOUND ( 'NONE', #1066, .T. ) ;
#547 = VERTEX_POINT ( 'NONE', #1706 ) ;
#548 = ORIENTED_EDGE ( 'NONE', *, *, #1302, .T. ) ;
#549 = EDGE_CURVE ( 'NONE', #1838, #1088, #670, .T. ) ;
#550 = CARTESIAN_POINT ( 'NONE',  ( 2.999999999999993339, -3.499999999999999556, 2.400000000000010125 ) ) ;
#551 = FACE_OUTER_BOUND ( 'NONE', #448, .T. ) ;
#552 = VECTOR ( 'NONE', #1487, 1000.000000000000000 ) ;
#553 = CARTESIAN_POINT ( 'NONE',  ( -1.099999999999990763, -9.662363799656123575, -2.400000000000003020 ) ) ;
#554 = DIRECTION ( 'NONE',  ( -0.2810846377148202291, -0.6785983445458475538, 0.6785983445458465546 ) ) ;
#555 = ORIENTED_EDGE ( 'NONE', *, *, #408, .F. ) ;
#556 = DIRECTION ( 'NONE',  ( -0.2810846377148192299, 0.6785983445458476648, 0.6785983445458466656 ) ) ;
#557 = EDGE_LOOP ( 'NONE', ( #1527, #617, #110, #573 ) ) ;
#558 = ADVANCED_FACE ( 'NONE', ( #1554 ), #1697, .F. ) ;
#559 = EDGE_CURVE ( 'NONE', #648, #1235, #681, .T. ) ;
#560 = FILL_AREA_STYLE ('',( #574 ) ) ;
#561 = DIRECTION ( 'NONE',  ( -0.7071067811865484609, 0.000000000000000000, -0.7071067811865465735 ) ) ;
#562 = CARTESIAN_POINT ( 'NONE',  ( 2.999999999999991118, -4.500000000000000000, 2.400000000000009681 ) ) ;
#563 = CARTESIAN_POINT ( 'NONE',  ( 0.000000000000000000, -1.000000000000000000, 0.000000000000000000 ) ) ;
#564 = ORIENTED_EDGE ( 'NONE', *, *, #82, .T. ) ;
#565 = FILL_AREA_STYLE_COLOUR ( '', #1675 ) ;
#566 = CARTESIAN_POINT ( 'NONE',  ( -3.000000000000007550, -4.500000000000000000, 2.399999999999988809 ) ) ;
#567 = EDGE_LOOP ( 'NONE', ( #457, #735, #1793, #1245 ) ) ;
#568 = EDGE_CURVE ( 'NONE', #782, #570, #827, .T. ) ;
#569 = VECTOR ( 'NONE', #649, 1000.000000000000000 ) ;
#570 = VERTEX_POINT ( 'NONE', #1108 ) ;
#571 = CARTESIAN_POINT ( 'NONE',  ( -1.849999999999996758, -4.500000000000000000, -2.400000000000005240 ) ) ;
#572 = LINE ( 'NONE', #1514, #738 ) ;
#573 = ORIENTED_EDGE ( 'NONE', *, *, #817, .T. ) ;
#574 = FILL_AREA_STYLE_COLOUR ( '', #1523 ) ;
#575 = CARTESIAN_POINT ( 'NONE',  ( -1.733333333333329174, 0.8666666666666670293, -1.433333333333339343 ) ) ;
#576 = ORIENTED_EDGE ( 'NONE', *, *, #817, .F. ) ;
#577 = FACE_OUTER_BOUND ( 'NONE', #904, .T. ) ;
#578 = VECTOR ( 'NONE', #1440, 1000.000000000000000 ) ;
#579 = ADVANCED_FACE ( 'NONE', ( #368 ), #1280, .T. ) ;
#580 = ORIENTED_EDGE ( 'NONE', *, *, #266, .T. ) ;
#581 = DIRECTION ( 'NONE',  ( -1.000000000000000000, 0.000000000000000000, -3.947987516731766760E-15 ) ) ;
#582 = FACE_OUTER_BOUND ( 'NONE', #924, .T. ) ;
#583 = CARTESIAN_POINT ( 'NONE',  ( -3.000000000000007550, -4.200000000000000178, 2.399999999999988809 ) ) ;
#584 = EDGE_LOOP ( 'NONE', ( #810, #200, #1135, #1118 ) ) ;
#585 = DIRECTION ( 'NONE',  ( -1.000000000000000000, 0.000000000000000000, -3.491481338843133355E-15 ) ) ;
#586 = PRESENTATION_LAYER_ASSIGNMENT (  '', '', ( #1497 ) ) ;
#587 = VERTEX_POINT ( 'NONE', #985 ) ;
#588 = LINE ( 'NONE', #384, #1901 ) ;
#589 = VECTOR ( 'NONE', #444, 1000.000000000000000 ) ;
#590 = ADVANCED_FACE ( 'NONE', ( #88 ), #1882, .T. ) ;
#591 = VECTOR ( 'NONE', #1864, 1000.000000000000000 ) ;
#592 = CARTESIAN_POINT ( 'NONE',  ( 1.850000000000014300, -4.500000000000000000, -2.399999999999992362 ) ) ;
#593 = EDGE_CURVE ( 'NONE', #125, #664, #1429, .T. ) ;
#594 = FACE_OUTER_BOUND ( 'NONE', #584, .T. ) ;
#595 = VERTEX_POINT ( 'NONE', #393 ) ;
#596 = CARTESIAN_POINT ( 'NONE',  ( 2.700000000000009059, -1.000000000000000000, -2.399999999999990141 ) ) ;
#597 = ORIENTED_EDGE ( 'NONE', *, *, #871, .F. ) ;
#598 = CARTESIAN_POINT ( 'NONE',  ( 1.250000000000010436, -3.499999999999999556, -2.999999999999994227 ) ) ;
#599 = DIRECTION ( 'NONE',  ( 0.000000000000000000, 1.000000000000000000, 0.000000000000000000 ) ) ;
#600 = EDGE_CURVE ( 'NONE', #1117, #84, #1123, .T. ) ;
#601 = EDGE_CURVE ( 'NONE', #679, #1117, #1161, .T. ) ;
#602 = CARTESIAN_POINT ( 'NONE',  ( 1.797887029861937380, -1.926639188686755544, 6.277289014111061112E-15 ) ) ;
#603 = ORIENTED_EDGE ( 'NONE', *, *, #1043, .F. ) ;
#604 = ORIENTED_EDGE ( 'NONE', *, *, #629, .F. ) ;
#605 = ORIENTED_EDGE ( 'NONE', *, *, #1384, .T. ) ;
#606 = DIRECTION ( 'NONE',  ( 0.000000000000000000, 0.000000000000000000, 1.000000000000000000 ) ) ;
#607 = FACE_OUTER_BOUND ( 'NONE', #888, .T. ) ;
#608 = LINE ( 'NONE', #1603, #1274 ) ;
#609 = MECHANICAL_DESIGN_GEOMETRIC_PRESENTATION_REPRESENTATION (  '', ( #769 ), #1234 ) ;
#610 = PRODUCT_DEFINITION_CONTEXT ( 'detailed design', #1623, 'design' ) ;
#611 = ORIENTED_EDGE ( 'NONE', *, *, #135, .T. ) ;
#612 = LINE ( 'NONE', #1218, #1391 ) ;
#613 = COLOUR_RGB ( '',0.5019607843137254832, 0.5019607843137254832, 0.5019607843137254832 ) ;
#614 = CARTESIAN_POINT ( 'NONE',  ( 3.000000000000007550, -4.200000000000000178, -2.399999999999988809 ) ) ;
#615 = DIRECTION ( 'NONE',  ( -1.000000000000000000, 0.000000000000000000, -3.491481338843133355E-15 ) ) ;
#616 = ORIENTED_EDGE ( 'NONE', *, *, #222, .F. ) ;
#617 = ORIENTED_EDGE ( 'NONE', *, *, #994, .F. ) ;
#618 = ADVANCED_FACE ( 'NONE', ( #1283 ), #672, .T. ) ;
#619 = ADVANCED_FACE ( 'NONE', ( #546 ), #1856, .T. ) ;
#620 = DIRECTION ( 'NONE',  ( 1.000000000000000000, 0.000000000000000000, 3.491481338843133355E-15 ) ) ;
#621 = CARTESIAN_POINT ( 'NONE',  ( -1.850000000000013189, -0.09999999999999939493, 2.399999999999993250 ) ) ;
#622 = CARTESIAN_POINT ( 'NONE',  ( -2.999999999999991118, -9.662363799656123575, -2.400000000000009681 ) ) ;
#623 = AXIS2_PLACEMENT_3D ( 'NONE', #1642, #766, #1357 ) ;
#624 = CARTESIAN_POINT ( 'NONE',  ( 1.797887029861937380, -1.926639188686755544, 6.277289014111061112E-15 ) ) ;
#625 = ORIENTED_EDGE ( 'NONE', *, *, #1699, .F. ) ;
#626 = CARTESIAN_POINT ( 'NONE',  ( 1.012529588264508357E-14, 0.000000000000000000, -2.899999999999999467 ) ) ;
#627 = ORIENTED_EDGE ( 'NONE', *, *, #24, .F. ) ;
#628 = CARTESIAN_POINT ( 'NONE',  ( -1.850000000000013189, -3.499999999999999556, 2.399999999999993250 ) ) ;
#629 = EDGE_CURVE ( 'NONE', #518, #1528, #1144, .T. ) ;
#630 = PLANE ( 'NONE',  #1242 ) ;
#631 = DIRECTION ( 'NONE',  ( 2.913240180184202127E-15, 0.000000000000000000, -1.000000000000000000 ) ) ;
#632 = VECTOR ( 'NONE', #150, 1000.000000000000000 ) ;
#633 = ORIENTED_EDGE ( 'NONE', *, *, #1438, .F. ) ;
#634 = AXIS2_PLACEMENT_3D ( 'NONE', #826, #367, #1426 ) ;
#635 = DIRECTION ( 'NONE',  ( -3.491481338843133355E-15, 0.000000000000000000, 1.000000000000000000 ) ) ;
#636 = VERTEX_POINT ( 'NONE', #265 ) ;
#637 = DIRECTION ( 'NONE',  ( -0.5773502691896278405, -0.5773502691896257311, 0.5773502691896238437 ) ) ;
#638 = CARTESIAN_POINT ( 'NONE',  ( 1.850000000000013411, -3.499999999999999556, -2.399999999999993250 ) ) ;
#639 = DIRECTION ( 'NONE',  ( 1.000000000000000000, 0.000000000000000000, 3.491481338843133355E-15 ) ) ;
#640 = VECTOR ( 'NONE', #1432, 1000.000000000000000 ) ;
#641 = EDGE_CURVE ( 'NONE', #75, #289, #1152, .T. ) ;
#642 = ADVANCED_FACE ( 'NONE', ( #380 ), #228, .F. ) ;
#643 =( BOUNDED_SURFACE ( )  B_SPLINE_SURFACE ( 3, 3, ( 
 ( #974, #1565, #78, #523 ),
 ( #1577, #513, #1249, #535 ),
 ( #1133, #1428, #1681, #1834 ),
 ( #1091, #496, #813, #362 ) ),
 .UNSPECIFIED., .F., .F., .F. ) 
 B_SPLINE_SURFACE_WITH_KNOTS ( ( 4, 4 ),
 ( 4, 4 ),
 ( 0.000000000000000000, 1.000000000000000000 ),
 ( 0.000000000000000000, 1.000000000000000000 ),
 .UNSPECIFIED. ) 
 GEOMETRIC_REPRESENTATION_ITEM ( )  RATIONAL_B_SPLINE_SURFACE ( (
 ( 1.000000000000000000, 0.3333333333333334259, 0.3333333333333334259, 1.000000000000000000),
 ( 1.000000000000000000, 0.3333333333333334259, 0.3333333333333334259, 1.000000000000000000),
 ( 1.000000000000000000, 0.3333333333333334259, 0.3333333333333334259, 1.000000000000000000),
 ( 1.000000000000000000, 0.3333333333333334259, 0.3333333333333334259, 1.000000000000000000) ) ) 
 REPRESENTATION_ITEM ( '' )  SURFACE ( )  );
#644 =( NAMED_UNIT ( * ) SI_UNIT ( $, .STERADIAN. ) SOLID_ANGLE_UNIT ( ) );
#645 = VECTOR ( 'NONE', #1011, 1000.000000000000000 ) ;
#646 = CARTESIAN_POINT ( 'NONE',  ( 3.000000000000007550, -4.200000000000000178, -2.399999999999988809 ) ) ;
#647 = VERTEX_POINT ( 'NONE', #123 ) ;
#648 = VERTEX_POINT ( 'NONE', #1449 ) ;
#649 = DIRECTION ( 'NONE',  ( -0.000000000000000000, -1.000000000000000000, 0.000000000000000000 ) ) ;
#650 = CARTESIAN_POINT ( 'NONE',  ( -3.000000000000007550, -9.662363799656123575, 2.399999999999988809 ) ) ;
#651 = DIRECTION ( 'NONE',  ( 0.000000000000000000, 1.000000000000000000, 0.000000000000000000 ) ) ;
#652 = CARTESIAN_POINT ( 'NONE',  ( -2.600000000000009859, 0.000000000000000000, 2.299999999999991385 ) ) ;
#653 = PLANE ( 'NONE',  #1531 ) ;
#654 = EDGE_CURVE ( 'NONE', #1213, #677, #258, .T. ) ;
#655 = ORIENTED_EDGE ( 'NONE', *, *, #279, .T. ) ;
#656 = AXIS2_PLACEMENT_3D ( 'NONE', #1498, #1658, #1526 ) ;
#657 = ORIENTED_EDGE ( 'NONE', *, *, #1352, .F. ) ;
#658 = CARTESIAN_POINT ( 'NONE',  ( -3.000000000000000888, -3.499999999999999556, -1.010704997678519620E-14 ) ) ;
#659 = DIRECTION ( 'NONE',  ( 1.000000000000000000, 0.000000000000000000, 3.491481338843133355E-15 ) ) ;
#660 = DIRECTION ( 'NONE',  ( 3.491481338843133355E-15, -0.000000000000000000, -1.000000000000000000 ) ) ;
#661 =( LENGTH_UNIT ( ) NAMED_UNIT ( * ) SI_UNIT ( .MILLI., .METRE. ) );
#662 = EDGE_CURVE ( 'NONE', #1355, #415, #1003, .T. ) ;
#663 = FACE_OUTER_BOUND ( 'NONE', #1803, .T. ) ;
#664 = VERTEX_POINT ( 'NONE', #562 ) ;
#665 = VECTOR ( 'NONE', #322, 1000.000000000000000 ) ;
#666 = VERTEX_POINT ( 'NONE', #1566 ) ;
#667 = ORIENTED_EDGE ( 'NONE', *, *, #1168, .T. ) ;
#668 = EDGE_CURVE ( 'NONE', #677, #786, #1889, .T. ) ;
#669 =( LENGTH_UNIT ( ) NAMED_UNIT ( * ) SI_UNIT ( .MILLI., .METRE. ) );
#670 = LINE ( 'NONE', #247, #1637 ) ;
#671 = LINE ( 'NONE', #61, #783 ) ;
#672 = PLANE ( 'NONE',  #1488 ) ;
#673 = FACE_OUTER_BOUND ( 'NONE', #1507, .T. ) ;
#674 = VECTOR ( 'NONE', #1126, 1000.000000000000000 ) ;
#675 = DIRECTION ( 'NONE',  ( -1.000000000000000000, 0.000000000000000000, -3.263228249898817048E-15 ) ) ;
#676 = VECTOR ( 'NONE', #1033, 1000.000000000000000 ) ;
#677 = VERTEX_POINT ( 'NONE', #709 ) ;
#678 = ORIENTED_EDGE ( 'NONE', *, *, #1364, .F. ) ;
#679 = VERTEX_POINT ( 'NONE', #829 ) ;
#680 = VECTOR ( 'NONE', #585, 1000.000000000000000 ) ;
#681 = LINE ( 'NONE', #1564, #1272 ) ;
#682 = EDGE_CURVE ( 'NONE', #647, #20, #116, .T. ) ;
#683 = EDGE_CURVE ( 'NONE', #1316, #75, #1418, .T. ) ;
#684 = LINE ( 'NONE', #954, #1445 ) ;
#685 = CARTESIAN_POINT ( 'NONE',  ( -1.850000000000013189, -3.499999999999999556, 2.399999999999993250 ) ) ;
#686 = CARTESIAN_POINT ( 'NONE',  ( 2.999999999999993339, -3.499999999999999556, 2.400000000000010125 ) ) ;
#687 = DIRECTION ( 'NONE',  ( -3.491481338843133355E-15, 0.000000000000000000, 1.000000000000000000 ) ) ;
#688 = DIRECTION ( 'NONE',  ( 1.000000000000000000, 0.000000000000000000, 3.491481338843133355E-15 ) ) ;
#689 = ORIENTED_EDGE ( 'NONE', *, *, #1538, .T. ) ;
#690 = AXIS2_PLACEMENT_3D ( 'NONE', #1045, #1344, #777 ) ;
#691 = AXIS2_PLACEMENT_3D ( 'NONE', #1550, #784, #1404 ) ;
#692 = DIRECTION ( 'NONE',  ( 0.000000000000000000, 1.000000000000000000, 0.000000000000000000 ) ) ;
#693 = AXIS2_PLACEMENT_3D ( 'NONE', #1178, #1165, #1008 ) ;
#694 = LINE ( 'NONE', #413, #849 ) ;
#695 = CARTESIAN_POINT ( 'NONE',  ( 3.000000000000007550, -4.200000000000000178, -2.399999999999988809 ) ) ;
#696 = ORIENTED_EDGE ( 'NONE', *, *, #600, .F. ) ;
#697 = ORIENTED_EDGE ( 'NONE', *, *, #1313, .F. ) ;
#698 = CARTESIAN_POINT ( 'NONE',  ( 1.849999999999996092, -1.000000000000000000, 2.400000000000006128 ) ) ;
#699 = PLANE ( 'NONE',  #1756 ) ;
#700 = LINE ( 'NONE', #246, #329 ) ;
#701 = PLANE ( 'NONE',  #746 ) ;
#702 = CARTESIAN_POINT ( 'NONE',  ( 1.179289321881356489, 0.000000000000000000, -2.929289321881340502 ) ) ;
#703 = ORIENTED_EDGE ( 'NONE', *, *, #1502, .F. ) ;
#704 = ADVANCED_FACE ( 'NONE', ( #1873 ), #91, .T. ) ;
#705 = EDGE_CURVE ( 'NONE', #1875, #164, #998, .T. ) ;
#706 = LINE ( 'NONE', #242, #1270 ) ;
#707 = VECTOR ( 'NONE', #1134, 1000.000000000000000 ) ;
#708 = DIRECTION ( 'NONE',  ( 1.000000000000000000, 0.000000000000000000, 3.719734427787450452E-15 ) ) ;
#709 = CARTESIAN_POINT ( 'NONE',  ( -1.099999999999990763, -4.200000000000000178, -2.400000000000003020 ) ) ;
#710 = ORIENTED_EDGE ( 'NONE', *, *, #1743, .T. ) ;
#711 = LINE ( 'NONE', #268, #674 ) ;
#712 = ORIENTED_EDGE ( 'NONE', *, *, #964, .F. ) ;
#713 = EDGE_CURVE ( 'NONE', #1876, #1905, #714, .T. ) ;
#714 = LINE ( 'NONE', #1209, #248 ) ;
#715 = CARTESIAN_POINT ( 'NONE',  ( -1.250000000000010436, -4.500000000000000000, 2.999999999999994227 ) ) ;
#716 = ORIENTED_EDGE ( 'NONE', *, *, #654, .F. ) ;
#717 = CARTESIAN_POINT ( 'NONE',  ( -1.250000000000010436, -0.09999999999999940881, 2.999999999999994227 ) ) ;
#718 = VERTEX_POINT ( 'NONE', #1190 ) ;
#719 = ADVANCED_BREP_SHAPE_REPRESENTATION ( '', ( #894, #288, #270, #282, #874, #690 ), #1025 ) ;
#720 = CARTESIAN_POINT ( 'NONE',  ( 1.099999999999990763, -9.662363799656123575, 2.400000000000003908 ) ) ;
#721 = DIRECTION ( 'NONE',  ( 1.000000000000000000, 0.000000000000000000, 3.491481338843133355E-15 ) ) ;
#722 = ORIENTED_EDGE ( 'NONE', *, *, #1158, .F. ) ;
#723 = PRESENTATION_STYLE_ASSIGNMENT (( #1007 ) ) ;
#724 = EDGE_CURVE ( 'NONE', #648, #982, #1779, .T. ) ;
#725 = PLANE ( 'NONE',  #693 ) ;
#726 = AXIS2_PLACEMENT_3D ( 'NONE', #1477, #1712, #108 ) ;
#727 = EDGE_LOOP ( 'NONE', ( #1095, #312, #321, #1349 ) ) ;
#728 = LINE ( 'NONE', #717, #680 ) ;
#729 = CIRCLE ( 'NONE', #983, 2.700000000000001066 ) ;
#730 = EDGE_LOOP ( 'NONE', ( #655, #744, #576, #1870, #1467 ) ) ;
#731 = LINE ( 'NONE', #880, #1629 ) ;
#732 = DIRECTION ( 'NONE',  ( 0.000000000000000000, 1.000000000000000000, 0.000000000000000000 ) ) ;
#733 = LINE ( 'NONE', #1517, #1251 ) ;
#734 = DIRECTION ( 'NONE',  ( 0.000000000000000000, 0.000000000000000000, 1.000000000000000000 ) ) ;
#735 = ORIENTED_EDGE ( 'NONE', *, *, #1384, .F. ) ;
#736 = EDGE_CURVE ( 'NONE', #295, #1787, #1053, .T. ) ;
#737 = CARTESIAN_POINT ( 'NONE',  ( -2.699999999999992628, -3.499999999999999556, -2.400000000000009237 ) ) ;
#738 = VECTOR ( 'NONE', #469, 1000.000000000000000 ) ;
#739 = STYLED_ITEM ( 'NONE', ( #723 ), #282 ) ;
#740 = FACE_OUTER_BOUND ( 'NONE', #156, .T. ) ;
#741 = LINE ( 'NONE', #1363, #992 ) ;
#742 = CARTESIAN_POINT ( 'NONE',  ( 2.700000000000001066, -1.000000000000000000, 9.426999614876463215E-15 ) ) ;
#743 = ORIENTED_EDGE ( 'NONE', *, *, #713, .T. ) ;
#744 = ORIENTED_EDGE ( 'NONE', *, *, #941, .F. ) ;
#745 = PLANE ( 'NONE',  #402 ) ;
#746 = AXIS2_PLACEMENT_3D ( 'NONE', #1017, #264, #857 ) ;
#747 = EDGE_CURVE ( 'NONE', #20, #500, #1616, .T. ) ;
#748 = CARTESIAN_POINT ( 'NONE',  ( 3.000000000000000888, -3.499999999999999556, 1.047444401652940322E-14 ) ) ;
#749 = AXIS2_PLACEMENT_3D ( 'NONE', #1741, #461, #923 ) ;
#750 = EDGE_CURVE ( 'NONE', #1167, #331, #572, .T. ) ;
#751 = AXIS2_PLACEMENT_3D ( 'NONE', #249, #354, #639 ) ;
#752 = CARTESIAN_POINT ( 'NONE',  ( 1.249999999999989564, -3.499999999999999556, 3.000000000000003109 ) ) ;
#753 = LINE ( 'NONE', #1034, #197 ) ;
#754 = ORIENTED_EDGE ( 'NONE', *, *, #1878, .F. ) ;
#755 = ORIENTED_EDGE ( 'NONE', *, *, #1558, .T. ) ;
#756 = ORIENTED_EDGE ( 'NONE', *, *, #641, .F. ) ;
#757 = DIRECTION ( 'NONE',  ( 1.000000000000000000, 0.000000000000000000, 3.491481338843132961E-15 ) ) ;
#758 = LINE ( 'NONE', #622, #979 ) ;
#759 = CARTESIAN_POINT ( 'NONE',  ( -1.100000000000007638, -4.200000000000000178, 2.399999999999996358 ) ) ;
#760 = EDGE_CURVE ( 'NONE', #415, #1162, #741, .T. ) ;
#761 = EDGE_CURVE ( 'NONE', #1346, #1088, #1790, .T. ) ;
#762 = CARTESIAN_POINT ( 'NONE',  ( -2.699999999999992628, -0.09999999999999939493, -2.400000000000009237 ) ) ;
#763 = ORIENTED_EDGE ( 'NONE', *, *, #1293, .F. ) ;
#764 = ORIENTED_EDGE ( 'NONE', *, *, #188, .F. ) ;
#765 = VERTEX_POINT ( 'NONE', #1648 ) ;
#766 = DIRECTION ( 'NONE',  ( 0.000000000000000000, 0.000000000000000000, 1.000000000000000000 ) ) ;
#767 = DIRECTION ( 'NONE',  ( -1.000000000000000000, 0.000000000000000000, -3.491481338843133355E-15 ) ) ;
#768 = CARTESIAN_POINT ( 'NONE',  ( -8.030407079339208295E-15, 0.000000000000000000, 2.300000000000000266 ) ) ;
#769 = STYLED_ITEM ( 'NONE', ( #797 ), #894 ) ;
#770 = VECTOR ( 'NONE', #599, 1000.000000000000000 ) ;
#771 = DIRECTION ( 'NONE',  ( 0.000000000000000000, 1.000000000000000000, 0.000000000000000000 ) ) ;
#772 = VECTOR ( 'NONE', #1407, 1000.000000000000000 ) ;
#773 = CARTESIAN_POINT ( 'NONE',  ( 2.999999999999980460, -3.499999999999999112, 6.000000000000011546 ) ) ;
#774 = DIRECTION ( 'NONE',  ( -1.000000000000000000, 0.000000000000000000, -2.913240180184202127E-15 ) ) ;
#775 = EDGE_LOOP ( 'NONE', ( #30, #373, #1412, #1436 ) ) ;
#776 = EDGE_LOOP ( 'NONE', ( #1785, #467, #1256, #1388 ) ) ;
#777 = DIRECTION ( 'NONE',  ( 1.000000000000000000, 0.000000000000000000, 0.000000000000000000 ) ) ;
#778 = ADVANCED_FACE ( 'NONE', ( #309 ), #1478, .T. ) ;
#779 = DIRECTION ( 'NONE',  ( -0.7071067811865465735, 0.000000000000000000, 0.7071067811865484609 ) ) ;
#780 = LINE ( 'NONE', #917, #863 ) ;
#781 = VECTOR ( 'NONE', #1753, 1000.000000000000000 ) ;
#782 = VERTEX_POINT ( 'NONE', #901 ) ;
#783 = VECTOR ( 'NONE', #660, 1000.000000000000000 ) ;
#784 = DIRECTION ( 'NONE',  ( 3.868595137968528431E-15, 0.000000000000000000, -1.000000000000000000 ) ) ;
#785 = EDGE_LOOP ( 'NONE', ( #605, #517 ) ) ;
#786 = VERTEX_POINT ( 'NONE', #317 ) ;
#787 = DIRECTION ( 'NONE',  ( -0.7071067811865485719, 0.000000000000000000, -0.7071067811865465735 ) ) ;
#788 = LINE ( 'NONE', #203, #1607 ) ;
#789 = ORIENTED_EDGE ( 'NONE', *, *, #1268, .F. ) ;
#790 = CARTESIAN_POINT ( 'NONE',  ( 1.249999999999989564, -3.499999999999999556, 3.000000000000003109 ) ) ;
#791 = ORIENTED_EDGE ( 'NONE', *, *, #964, .T. ) ;
#792 = ORIENTED_EDGE ( 'NONE', *, *, #114, .F. ) ;
#793 = VERTEX_POINT ( 'NONE', #1627 ) ;
#794 = DIRECTION ( 'NONE',  ( 0.000000000000000000, 1.000000000000000000, 0.000000000000000000 ) ) ;
#795 = DIRECTION ( 'NONE',  ( 0.7071067811865484609, 0.000000000000000000, 0.7071067811865465735 ) ) ;
#796 = ADVANCED_FACE ( 'NONE', ( #7 ), #1024, .F. ) ;
#797 = PRESENTATION_STYLE_ASSIGNMENT (( #204 ) ) ;
#798 = VECTOR ( 'NONE', #169, 1000.000000000000000 ) ;
#799 = FACE_OUTER_BOUND ( 'NONE', #730, .T. ) ;
#800 = VERTEX_POINT ( 'NONE', #614 ) ;
#801 = CARTESIAN_POINT ( 'NONE',  ( 0.000000000000000000, -4.500000000000000000, 0.000000000000000000 ) ) ;
#802 = LINE ( 'NONE', #1546, #1334 ) ;
#803 = CARTESIAN_POINT ( 'NONE',  ( -2.999999999999991118, -4.200000000000000178, -2.400000000000009681 ) ) ;
#804 = SURFACE_SIDE_STYLE ('',( #1700 ) ) ;
#805 = EDGE_CURVE ( 'NONE', #1356, #800, #1505, .T. ) ;
#806 = CARTESIAN_POINT ( 'NONE',  ( -1.850000000000012745, 0.000000000000000000, 2.299999999999994049 ) ) ;
#807 = EDGE_LOOP ( 'NONE', ( #1624, #548, #625, #1277 ) ) ;
#808 = VECTOR ( 'NONE', #1589, 1000.000000000000000 ) ;
#809 = EDGE_LOOP ( 'NONE', ( #430, #1263, #1754, #422, #1763, #896 ) ) ;
#810 = ORIENTED_EDGE ( 'NONE', *, *, #871, .T. ) ;
#811 = SURFACE_SIDE_STYLE ('',( #99 ) ) ;
#812 = CARTESIAN_POINT ( 'NONE',  ( 2.699999999999992628, -1.000000000000000000, 2.400000000000009237 ) ) ;
#813 = CARTESIAN_POINT ( 'NONE',  ( 2.700000000000018385, -1.000000000000000000, -5.399999999999992362 ) ) ;
#814 = CARTESIAN_POINT ( 'NONE',  ( 1.100000000000007638, -4.500000000000000000, -2.399999999999995026 ) ) ;
#815 = CARTESIAN_POINT ( 'NONE',  ( -2.054289321881332508, 0.000000000000000000, -2.054289321881366259 ) ) ;
#816 = VECTOR ( 'NONE', #1869, 1000.000000000000000 ) ;
#817 = EDGE_CURVE ( 'NONE', #173, #1309, #921, .T. ) ;
#818 = ADVANCED_FACE ( 'NONE', ( #582 ), #300, .T. ) ;
#819 = DIRECTION ( 'NONE',  ( -0.7071067811865532349, 0.000000000000000000, 0.7071067811865416886 ) ) ;
#820 = VERTEX_POINT ( 'NONE', #1761 ) ;
#821 = VECTOR ( 'NONE', #234, 1000.000000000000000 ) ;
#822 = ORIENTED_EDGE ( 'NONE', *, *, #1688, .F. ) ;
#823 = ORIENTED_EDGE ( 'NONE', *, *, #1060, .T. ) ;
#824 = SHAPE_DEFINITION_REPRESENTATION ( #1902, #1119 ) ;
#825 = EDGE_CURVE ( 'NONE', #1905, #125, #22, .T. ) ;
#826 = CARTESIAN_POINT ( 'NONE',  ( -1.850000000000013189, -1.000000000000000000, 2.399999999999993250 ) ) ;
#827 = LINE ( 'NONE', #812, #1605 ) ;
#828 = LINE ( 'NONE', #1281, #591 ) ;
#829 = CARTESIAN_POINT ( 'NONE',  ( 1.100000000000007638, -4.200000000000000178, -2.399999999999995026 ) ) ;
#830 = ORIENTED_EDGE ( 'NONE', *, *, #396, .T. ) ;
#831 = CARTESIAN_POINT ( 'NONE',  ( -1.797887029861937380, -1.926639188686755544, -6.057111354476164884E-15 ) ) ;
#832 = LINE ( 'NONE', #1751, #1455 ) ;
#833 = DIRECTION ( 'NONE',  ( 0.000000000000000000, -1.000000000000000000, 0.000000000000000000 ) ) ;
#834 = VECTOR ( 'NONE', #1305, 1000.000000000000000 ) ;
#835 = VERTEX_POINT ( 'NONE', #433 ) ;
#836 = MECHANICAL_DESIGN_GEOMETRIC_PRESENTATION_REPRESENTATION (  '', ( #1016 ), #1081 ) ;
#837 = FACE_OUTER_BOUND ( 'NONE', #775, .T. ) ;
#838 = DIRECTION ( 'NONE',  ( 1.000000000000000000, -0.000000000000000000, 3.491481338843133355E-15 ) ) ;
#839 = UNCERTAINTY_MEASURE_WITH_UNIT (LENGTH_MEASURE( 1.000000000000000082E-05 ), #669, 'distance_accuracy_value', 'NONE');
#840 = CARTESIAN_POINT ( 'NONE',  ( 1.849999999999996092, -3.499999999999999556, 2.400000000000006128 ) ) ;
#841 = DIRECTION ( 'NONE',  ( 0.000000000000000000, -1.000000000000000000, 0.000000000000000000 ) ) ;
#842 = ORIENTED_EDGE ( 'NONE', *, *, #601, .F. ) ;
#843 = ORIENTED_EDGE ( 'NONE', *, *, #1525, .F. ) ;
#844 = DIRECTION ( 'NONE',  ( -0.000000000000000000, -1.000000000000000000, 0.000000000000000000 ) ) ;
#845 = CARTESIAN_POINT ( 'NONE',  ( 1.100000000000007638, -9.662363799656123575, -2.399999999999995026 ) ) ;
#846 = ORIENTED_EDGE ( 'NONE', *, *, #213, .F. ) ;
#847 = AXIS2_PLACEMENT_3D ( 'NONE', #626, #1649, #913 ) ;
#848 = DIRECTION ( 'NONE',  ( -1.000000000000000000, 0.000000000000000000, -3.263228249898816653E-15 ) ) ;
#849 = VECTOR ( 'NONE', #1872, 1000.000000000000114 ) ;
#850 = DIRECTION ( 'NONE',  ( 0.000000000000000000, -1.000000000000000000, 0.000000000000000000 ) ) ;
#851 = EDGE_CURVE ( 'NONE', #84, #434, #1770, .T. ) ;
#852 = DIRECTION ( 'NONE',  ( 1.000000000000000000, 0.000000000000000000, 3.491481338843133355E-15 ) ) ;
#853 = ORIENTED_EDGE ( 'NONE', *, *, #683, .T. ) ;
#854 = CARTESIAN_POINT ( 'NONE',  ( 1.250000000000010436, -3.499999999999999556, -2.999999999999994227 ) ) ;
#855 = LINE ( 'NONE', #1705, #1323 ) ;
#856 = UNCERTAINTY_MEASURE_WITH_UNIT (LENGTH_MEASURE( 1.000000000000000082E-05 ), #1219, 'distance_accuracy_value', 'NONE');
#857 = DIRECTION ( 'NONE',  ( -1.000000000000000000, 0.000000000000000000, -3.034975160954499951E-15 ) ) ;
#858 = CARTESIAN_POINT ( 'NONE',  ( 1.100000000000007638, -4.200000000000000178, -2.399999999999995026 ) ) ;
#859 = ORIENTED_EDGE ( 'NONE', *, *, #593, .F. ) ;
#860 = PRODUCT_RELATED_PRODUCT_CATEGORY ( 'part', '', ( #418 ) ) ;
#861 = DIRECTION ( 'NONE',  ( 1.000000000000000000, 0.000000000000000000, 3.491481338843133355E-15 ) ) ;
#862 = COLOUR_RGB ( '',0.2509803921568627416, 0.2509803921568627416, 0.2509803921568627416 ) ;
#863 = VECTOR ( 'NONE', #323, 1000.000000000000000 ) ;
#864 = CARTESIAN_POINT ( 'NONE',  ( -1.099999999999990763, -4.200000000000000178, -2.400000000000003020 ) ) ;
#865 = ORIENTED_EDGE ( 'NONE', *, *, #524, .F. ) ;
#866 = PLANE ( 'NONE',  #1374 ) ;
#867 = ORIENTED_EDGE ( 'NONE', *, *, #1425, .F. ) ;
#868 = CARTESIAN_POINT ( 'NONE',  ( -3.000000000000007550, -4.200000000000000178, 2.399999999999988809 ) ) ;
#869 = EDGE_CURVE ( 'NONE', #782, #356, #153, .T. ) ;
#870 = CARTESIAN_POINT ( 'NONE',  ( -1.249999999999989564, -3.499999999999999556, -3.000000000000003109 ) ) ;
#871 = EDGE_CURVE ( 'NONE', #570, #1897, #442, .T. ) ;
#872 = ORIENTED_EDGE ( 'NONE', *, *, #453, .F. ) ;
#873 =( LENGTH_UNIT ( ) NAMED_UNIT ( * ) SI_UNIT ( .MILLI., .METRE. ) );
#874 = MANIFOLD_SOLID_BREP ( 'Body-Move/Copy1[5]', #1101 ) ;
#875 = DIRECTION ( 'NONE',  ( 0.5773502691896238437, 0.5773502691896257311, 0.5773502691896278405 ) ) ;
#876 = ORIENTED_EDGE ( 'NONE', *, *, #1879, .T. ) ;
#877 = PRESENTATION_STYLE_ASSIGNMENT (( #287 ) ) ;
#878 = AXIS2_PLACEMENT_3D ( 'NONE', #155, #734, #1335 ) ;
#879 = ORIENTED_EDGE ( 'NONE', *, *, #188, .T. ) ;
#880 = CARTESIAN_POINT ( 'NONE',  ( 1.250000000000010436, -0.09999999999999940881, -2.999999999999994227 ) ) ;
#881 = DIRECTION ( 'NONE',  ( 0.000000000000000000, -1.000000000000000000, 0.000000000000000000 ) ) ;
#882 = ADVANCED_FACE ( 'NONE', ( #1243 ), #1351, .F. ) ;
#883 = CARTESIAN_POINT ( 'NONE',  ( -2.999999999999991118, -4.200000000000000178, -2.400000000000009681 ) ) ;
#884 = ADVANCED_FACE ( 'NONE', ( #1846 ), #363, .T. ) ;
#885 = VECTOR ( 'NONE', #581, 1000.000000000000000 ) ;
#886 = VERTEX_POINT ( 'NONE', #1524 ) ;
#887 =( LENGTH_UNIT ( ) NAMED_UNIT ( * ) SI_UNIT ( .MILLI., .METRE. ) );
#888 = EDGE_LOOP ( 'NONE', ( #1405, #933, #1816, #1076, #872 ) ) ;
#889 = CARTESIAN_POINT ( 'NONE',  ( -1.099999999999990763, -4.500000000000000000, -2.400000000000003020 ) ) ;
#890 = CARTESIAN_POINT ( 'NONE',  ( 2.699999999999992628, -1.000000000000000000, 2.400000000000009237 ) ) ;
#891 = APPLICATION_CONTEXT ( 'automotive_design' ) ;
#892 = VECTOR ( 'NONE', #421, 1000.000000000000000 ) ;
#893 = DIRECTION ( 'NONE',  ( 3.491481338843133355E-15, 0.000000000000000000, -1.000000000000000000 ) ) ;
#894 = MANIFOLD_SOLID_BREP ( 'Body-Move/Copy1[1]', #978 ) ;
#895 = EDGE_LOOP ( 'NONE', ( #906, #1484, #1153, #1065 ) ) ;
#896 = ORIENTED_EDGE ( 'NONE', *, *, #1402, .F. ) ;
#897 = DIRECTION ( 'NONE',  ( -1.000000000000000000, 0.000000000000000000, -3.491481338843133355E-15 ) ) ;
#898 = STYLED_ITEM ( 'NONE', ( #937 ), #874 ) ;
#899 = VERTEX_POINT ( 'NONE', #652 ) ;
#900 = PLANE ( 'NONE',  #483 ) ;
#901 = CARTESIAN_POINT ( 'NONE',  ( 1.849999999999996092, -1.000000000000000000, 2.400000000000006128 ) ) ;
#902 = PLANE ( 'NONE',  #656 ) ;
#903 = ORIENTED_EDGE ( 'NONE', *, *, #1149, .T. ) ;
#904 = EDGE_LOOP ( 'NONE', ( #1501, #1643, #26, #1740, #1703, #158 ) ) ;
#905 = CARTESIAN_POINT ( 'NONE',  ( 1.250000000000010436, -4.500000000000000000, -2.999999999999994227 ) ) ;
#906 = ORIENTED_EDGE ( 'NONE', *, *, #682, .T. ) ;
#907 = DIRECTION ( 'NONE',  ( -2.045878442195785170E-15, 0.000000000000000000, 1.000000000000000000 ) ) ;
#908 = ADVANCED_FACE ( 'NONE', ( #1819 ), #1690, .F. ) ;
#909 = EDGE_CURVE ( 'NONE', #793, #1304, #1114, .T. ) ;
#910 = DIRECTION ( 'NONE',  ( 1.000000000000000000, 0.000000000000000000, 3.034975160954500345E-15 ) ) ;
#911 = PRODUCT_DEFINITION_FORMATION_WITH_SPECIFIED_SOURCE ( 'ANY', '', #418, .NOT_KNOWN. ) ;
#912 = CARTESIAN_POINT ( 'NONE',  ( -1.849999999999996758, -9.662363799656123575, -2.400000000000005240 ) ) ;
#913 = DIRECTION ( 'NONE',  ( 1.000000000000000000, 0.000000000000000000, 3.491481338843133355E-15 ) ) ;
#914 = VERTEX_POINT ( 'NONE', #948 ) ;
#915 = ORIENTED_EDGE ( 'NONE', *, *, #81, .F. ) ;
#916 = PLANE ( 'NONE',  #1662 ) ;
#917 = CARTESIAN_POINT ( 'NONE',  ( -3.000000000000007105, -3.499999999999999556, 2.399999999999989253 ) ) ;
#918 = EDGE_LOOP ( 'NONE', ( #859, #205, #167, #406 ) ) ;
#919 = VECTOR ( 'NONE', #1553, 1000.000000000000114 ) ;
#920 = FACE_OUTER_BOUND ( 'NONE', #895, .T. ) ;
#921 = LINE ( 'NONE', #1320, #160 ) ;
#922 = EDGE_CURVE ( 'NONE', #331, #1875, #1541, .T. ) ;
#923 = DIRECTION ( 'NONE',  ( -3.401131157802674784E-15, 0.000000000000000000, 1.000000000000000000 ) ) ;
#924 = EDGE_LOOP ( 'NONE', ( #541, #320, #604, #1414 ) ) ;
#925 = CARTESIAN_POINT ( 'NONE',  ( 1.850000000000013411, -3.499999999999999556, -2.399999999999993250 ) ) ;
#926 = LINE ( 'NONE', #1258, #772 ) ;
#927 = AXIS2_PLACEMENT_3D ( 'NONE', #52, #1687, #346 ) ;
#928 = DIRECTION ( 'NONE',  ( -1.000000000000000000, 0.000000000000000000, -2.913240180184202127E-15 ) ) ;
#929 = ORIENTED_EDGE ( 'NONE', *, *, #1004, .F. ) ;
#930 = ADVANCED_FACE ( 'NONE', ( #214 ), #47, .T. ) ;
#931 = DIRECTION ( 'NONE',  ( -1.000000000000000000, 0.000000000000000000, -3.491481338843133355E-15 ) ) ;
#932 = ORIENTED_EDGE ( 'NONE', *, *, #1302, .F. ) ;
#933 = ORIENTED_EDGE ( 'NONE', *, *, #1841, .F. ) ;
#934 = DIRECTION ( 'NONE',  ( 0.000000000000000000, -1.000000000000000000, 0.000000000000000000 ) ) ;
#935 = CARTESIAN_POINT ( 'NONE',  ( 1.250000000000010436, -1.000000000000000000, -2.999999999999994227 ) ) ;
#936 = VECTOR ( 'NONE', #424, 1000.000000000000114 ) ;
#937 = PRESENTATION_STYLE_ASSIGNMENT (( #1103 ) ) ;
#938 = VECTOR ( 'NONE', #1408, 1000.000000000000000 ) ;
#939 = CARTESIAN_POINT ( 'NONE',  ( -2.999999999999991118, -4.200000000000000178, -2.400000000000009681 ) ) ;
#940 = EDGE_LOOP ( 'NONE', ( #149, #1752, #297, #1211, #1413 ) ) ;
#941 = EDGE_CURVE ( 'NONE', #1309, #434, #1557, .T. ) ;
#942 = ORIENTED_EDGE ( 'NONE', *, *, #1516, .F. ) ;
#943 = DIRECTION ( 'NONE',  ( -3.491481338843133355E-15, 0.000000000000000000, 1.000000000000000000 ) ) ;
#944 = CARTESIAN_POINT ( 'NONE',  ( -3.000000000000007105, -3.499999999999999556, 2.399999999999989253 ) ) ;
#945 = UNCERTAINTY_MEASURE_WITH_UNIT (LENGTH_MEASURE( 1.000000000000000082E-05 ), #304, 'distance_accuracy_value', 'NONE');
#946 = ADVANCED_FACE ( 'NONE', ( #538 ), #1710, .T. ) ;
#947 = LINE ( 'NONE', #103, #441 ) ;
#948 = CARTESIAN_POINT ( 'NONE',  ( -1.849999999999997646, -4.500000000000000000, -2.400000000000005240 ) ) ;
#949 = CARTESIAN_POINT ( 'NONE',  ( 1.249999999999989564, -1.000000000000000000, 3.000000000000003109 ) ) ;
#950 = EDGE_LOOP ( 'NONE', ( #867, #1730, #1031, #1020, #436, #1732, #1725, #1294, #1422, #754, #1278, #1777 ) ) ;
#951 = APPLICATION_PROTOCOL_DEFINITION ( 'draft international standard', 'automotive_design', 1998, #1050 ) ;
#952 = CARTESIAN_POINT ( 'NONE',  ( 1.099999999999990763, -9.662363799656123575, 2.400000000000003908 ) ) ;
#953 = LINE ( 'NONE', #1674, #6 ) ;
#954 = CARTESIAN_POINT ( 'NONE',  ( 1.850000000000013411, -0.09999999999999939493, -2.399999999999993250 ) ) ;
#955 = VECTOR ( 'NONE', #844, 1000.000000000000000 ) ;
#956 = FILL_AREA_STYLE_COLOUR ( '', #862 ) ;
#957 = VECTOR ( 'NONE', #1121, 1000.000000000000000 ) ;
#958 = CARTESIAN_POINT ( 'NONE',  ( -1.113090569084794312, 0.2305286049322538833, -2.669471395067749331 ) ) ;
#959 = ORIENTED_EDGE ( 'NONE', *, *, #432, .F. ) ;
#960 = ORIENTED_EDGE ( 'NONE', *, *, #222, .T. ) ;
#961 = CARTESIAN_POINT ( 'NONE',  ( 2.999999999999991118, -9.662363799656123575, 2.400000000000009681 ) ) ;
#962 = DIRECTION ( 'NONE',  ( -0.7071067811865475727, 0.7071067811865475727, -2.468850131082265738E-15 ) ) ;
#963 = CARTESIAN_POINT ( 'NONE',  ( -2.999999999999991118, -4.200000000000000178, -2.400000000000009681 ) ) ;
#964 = EDGE_CURVE ( 'NONE', #1794, #1167, #394, .T. ) ;
#965 = B_SPLINE_CURVE_WITH_KNOTS ( 'NONE', 3,
 ( #471, #602, #1489, #742 ),
 .UNSPECIFIED., .F., .F.,
 ( 4, 4 ),
 ( 0.000000000000000000, 1.000000000000000000 ),
 .UNSPECIFIED. ) ;
#966 =( GEOMETRIC_REPRESENTATION_CONTEXT ( 3 ) GLOBAL_UNCERTAINTY_ASSIGNED_CONTEXT ( ( #1744 ) ) GLOBAL_UNIT_ASSIGNED_CONTEXT ( ( #183, #452, #1223 ) ) REPRESENTATION_CONTEXT ( 'NONE', 'WORKASPACE' ) );
#967 = CARTESIAN_POINT ( 'NONE',  ( 1.849999999999996314, -9.662363799656123575, 2.400000000000006128 ) ) ;
#968 = CARTESIAN_POINT ( 'NONE',  ( 3.000000000000007550, -4.200000000000000178, -2.399999999999988809 ) ) ;
#969 = VERTEX_POINT ( 'NONE', #1569 ) ;
#970 = EDGE_LOOP ( 'NONE', ( #830, #1435, #1503, #1179 ) ) ;
#971 = ORIENTED_EDGE ( 'NONE', *, *, #668, .F. ) ;
#972 = FILL_AREA_STYLE_COLOUR ( '', #152 ) ;
#973 = DIRECTION ( 'NONE',  ( 3.491481338843133355E-15, 0.000000000000000000, -1.000000000000000000 ) ) ;
#974 = CARTESIAN_POINT ( 'NONE',  ( -3.000000000000001332, -3.499999999999999556, -1.010704997678519778E-14 ) ) ;
#975 = DIRECTION ( 'NONE',  ( 0.7071067811865466846, 0.000000000000000000, -0.7071067811865483499 ) ) ;
#976 = CARTESIAN_POINT ( 'NONE',  ( 1.797887029861924724, -1.926639188686755766, 3.595774059723879645 ) ) ;
#977 = EDGE_CURVE ( 'NONE', #240, #1528, #254, .T. ) ;
#978 = CLOSED_SHELL ( 'NONE', ( #1669, #930, #778, #884 ) ) ;
#979 = VECTOR ( 'NONE', #1362, 1000.000000000000000 ) ;
#980 = FACE_OUTER_BOUND ( 'NONE', #1485, .T. ) ;
#981 = PLANE ( 'NONE',  #1479 ) ;
#982 = VERTEX_POINT ( 'NONE', #241 ) ;
#983 = AXIS2_PLACEMENT_3D ( 'NONE', #1000, #1142, #76 ) ;
#984 = CARTESIAN_POINT ( 'NONE',  ( -1.850000000000013189, -1.000000000000000000, 2.399999999999993250 ) ) ;
#985 = CARTESIAN_POINT ( 'NONE',  ( 2.700000000000001066, -1.000000000000000000, 9.426999614876463215E-15 ) ) ;
#986 = FACE_OUTER_BOUND ( 'NONE', #1336, .T. ) ;
#987 = CARTESIAN_POINT ( 'NONE',  ( -1.249999999999989564, -3.499999999999999556, -3.000000000000003109 ) ) ;
#988 = ORIENTED_EDGE ( 'NONE', *, *, #1570, .F. ) ;
#989 = CARTESIAN_POINT ( 'NONE',  ( -1.250000000000010436, -1.000000000000000000, 2.999999999999994227 ) ) ;
#990 = DIRECTION ( 'NONE',  ( -3.491481338843133355E-15, 0.000000000000000000, 1.000000000000000000 ) ) ;
#991 = CARTESIAN_POINT ( 'NONE',  ( -1.849999999999996092, -1.000000000000000000, -2.400000000000006128 ) ) ;
#992 = VECTOR ( 'NONE', #1199, 1000.000000000000000 ) ;
#993 = ORIENTED_EDGE ( 'NONE', *, *, #1200, .F. ) ;
#994 = EDGE_CURVE ( 'NONE', #1839, #171, #106, .T. ) ;
#995 =( GEOMETRIC_REPRESENTATION_CONTEXT ( 3 ) GLOBAL_UNCERTAINTY_ASSIGNED_CONTEXT ( ( #112 ) ) GLOBAL_UNIT_ASSIGNED_CONTEXT ( ( #873, #128, #1742 ) ) REPRESENTATION_CONTEXT ( 'NONE', 'WORKASPACE' ) );
#996 = LINE ( 'NONE', #1695, #1419 ) ;
#997 = FACE_OUTER_BOUND ( 'NONE', #1535, .T. ) ;
#998 = LINE ( 'NONE', #1299, #834 ) ;
#999 = CARTESIAN_POINT ( 'NONE',  ( 1.100000000000007638, -4.500000000000000000, -2.399999999999995026 ) ) ;
#1000 = CARTESIAN_POINT ( 'NONE',  ( -0.000000000000000000, -1.000000000000000000, 0.000000000000000000 ) ) ;
#1001 = ADVANCED_FACE ( 'NONE', ( #673 ), #1443, .T. ) ;
#1002 = CARTESIAN_POINT ( 'NONE',  ( 2.999999999999993339, -3.499999999999999556, 2.400000000000010125 ) ) ;
#1003 = LINE ( 'NONE', #987, #1080 ) ;
#1004 = EDGE_CURVE ( 'NONE', #1608, #1355, #711, .T. ) ;
#1005 = CARTESIAN_POINT ( 'NONE',  ( -3.000000000000007550, -4.500000000000000000, 2.399999999999988809 ) ) ;
#1006 = ORIENTED_EDGE ( 'NONE', *, *, #1401, .T. ) ;
#1007 = SURFACE_STYLE_USAGE ( .BOTH. , #1324 ) ;
#1008 = DIRECTION ( 'NONE',  ( 1.000000000000000000, 0.000000000000000000, 3.491481338843133355E-15 ) ) ;
#1009 = EDGE_CURVE ( 'NONE', #1346, #173, #832, .T. ) ;
#1010 = ORIENTED_EDGE ( 'NONE', *, *, #1110, .T. ) ;
#1011 = DIRECTION ( 'NONE',  ( -1.000000000000000000, 0.000000000000000000, -3.491481338843133355E-15 ) ) ;
#1012 = EDGE_CURVE ( 'NONE', #1235, #1585, #1868, .T. ) ;
#1013 = ORIENTED_EDGE ( 'NONE', *, *, #73, .T. ) ;
#1014 = DIRECTION ( 'NONE',  ( -1.000000000000000000, 0.000000000000000000, -3.868595137968528431E-15 ) ) ;
#1015 = VECTOR ( 'NONE', #1664, 1000.000000000000000 ) ;
#1016 = STYLED_ITEM ( 'NONE', ( #877 ), #288 ) ;
#1017 = CARTESIAN_POINT ( 'NONE',  ( 2.999999999999991118, -4.200000000000000178, 2.400000000000009681 ) ) ;
#1018 = ORIENTED_EDGE ( 'NONE', *, *, #549, .T. ) ;
#1019 = CARTESIAN_POINT ( 'NONE',  ( -1.849999999999996092, -0.09999999999999939493, -2.400000000000006128 ) ) ;
#1020 = ORIENTED_EDGE ( 'NONE', *, *, #851, .T. ) ;
#1021 = DIRECTION ( 'NONE',  ( 3.491481338843133355E-15, 0.000000000000000000, -1.000000000000000000 ) ) ;
#1022 = ADVANCED_FACE ( 'NONE', ( #1163 ), #1459, .F. ) ;
#1023 = ADVANCED_FACE ( 'NONE', ( #1433 ), #699, .T. ) ;
#1024 = PLANE ( 'NONE',  #516 ) ;
#1025 =( GEOMETRIC_REPRESENTATION_CONTEXT ( 3 ) GLOBAL_UNCERTAINTY_ASSIGNED_CONTEXT ( ( #1306 ) ) GLOBAL_UNIT_ASSIGNED_CONTEXT ( ( #475, #1194, #1491 ) ) REPRESENTATION_CONTEXT ( 'NONE', 'WORKASPACE' ) );
#1026 = DIRECTION ( 'NONE',  ( -1.000000000000000000, 0.000000000000000000, -3.491481338843133355E-15 ) ) ;
#1027 = VECTOR ( 'NONE', #190, 1000.000000000000000 ) ;
#1028 = ORIENTED_EDGE ( 'NONE', *, *, #53, .F. ) ;
#1029 = LINE ( 'NONE', #1337, #340 ) ;
#1030 = VECTOR ( 'NONE', #1555, 1000.000000000000000 ) ;
#1031 = ORIENTED_EDGE ( 'NONE', *, *, #600, .T. ) ;
#1032 = CARTESIAN_POINT ( 'NONE',  ( -1.249999999999989564, -4.500000000000000000, -3.000000000000003109 ) ) ;
#1033 = DIRECTION ( 'NONE',  ( 1.000000000000000000, 0.000000000000000000, 3.114367539717738279E-15 ) ) ;
#1034 = CARTESIAN_POINT ( 'NONE',  ( 1.849999999999996314, -4.200000000000000178, 2.400000000000006128 ) ) ;
#1035 = FILL_AREA_STYLE ('',( #49 ) ) ;
#1036 = EDGE_LOOP ( 'NONE', ( #1678, #764, #350, #95 ) ) ;
#1037 = ORIENTED_EDGE ( 'NONE', *, *, #1268, .T. ) ;
#1038 = CARTESIAN_POINT ( 'NONE',  ( 1.665685424949238325, 0.3449747468305815468, 1.955025253169424548 ) ) ;
#1039 = DIRECTION ( 'NONE',  ( 0.000000000000000000, -1.000000000000000000, 0.000000000000000000 ) ) ;
#1040 = AXIS2_PLACEMENT_3D ( 'NONE', #815, #1137, #1722 ) ;
#1041 = FACE_OUTER_BOUND ( 'NONE', #807, .T. ) ;
#1042 = ORIENTED_EDGE ( 'NONE', *, *, #1645, .T. ) ;
#1043 = EDGE_CURVE ( 'NONE', #20, #1704, #1723, .T. ) ;
#1044 = ORIENTED_EDGE ( 'NONE', *, *, #805, .F. ) ;
#1045 = CARTESIAN_POINT ( 'NONE',  ( 0.000000000000000000, 0.000000000000000000, 0.000000000000000000 ) ) ;
#1046 = ORIENTED_EDGE ( 'NONE', *, *, #629, .T. ) ;
#1047 = DIRECTION ( 'NONE',  ( 1.000000000000000000, 0.000000000000000000, 3.491481338843133355E-15 ) ) ;
#1048 =( GEOMETRIC_REPRESENTATION_CONTEXT ( 3 ) GLOBAL_UNCERTAINTY_ASSIGNED_CONTEXT ( ( #856 ) ) GLOBAL_UNIT_ASSIGNED_CONTEXT ( ( #1219, #336, #1808 ) ) REPRESENTATION_CONTEXT ( 'NONE', 'WORKASPACE' ) );
#1049 = ORIENTED_EDGE ( 'NONE', *, *, #1471, .F. ) ;
#1050 = APPLICATION_CONTEXT ( 'automotive_design' ) ;
#1051 = LINE ( 'NONE', #1504, #151 ) ;
#1052 = SHAPE_REPRESENTATION ( 'SRN6045TA-4R7M', ( #878, #1342 ), #50 ) ;
#1053 = LINE ( 'NONE', #759, #1579 ) ;
#1054 = CARTESIAN_POINT ( 'NONE',  ( -1.849999999999996758, -4.200000000000000178, -2.400000000000005240 ) ) ;
#1055 = ORIENTED_EDGE ( 'NONE', *, *, #1841, .T. ) ;
#1056 =( NAMED_UNIT ( * ) PLANE_ANGLE_UNIT ( ) SI_UNIT ( $, .RADIAN. ) );
#1057 = DIRECTION ( 'NONE',  ( 3.491481338843133355E-15, 0.000000000000000000, -1.000000000000000000 ) ) ;
#1058 = ADVANCED_FACE ( 'NONE', ( #1139 ), #1154, .F. ) ;
#1059 = DIRECTION ( 'NONE',  ( 1.000000000000000000, -0.000000000000000000, 3.491481338843133355E-15 ) ) ;
#1060 = EDGE_CURVE ( 'NONE', #786, #500, #539, .T. ) ;
#1061 = DIRECTION ( 'NONE',  ( 1.000000000000000000, 0.000000000000000000, 3.491481338843133355E-15 ) ) ;
#1062 = VECTOR ( 'NONE', #179, 1000.000000000000000 ) ;
#1063 = CARTESIAN_POINT ( 'NONE',  ( 2.700000000000009059, -1.000000000000000000, -2.399999999999990141 ) ) ;
#1064 = LINE ( 'NONE', #1783, #1835 ) ;
#1065 = ORIENTED_EDGE ( 'NONE', *, *, #281, .T. ) ;
#1066 = EDGE_LOOP ( 'NONE', ( #1813, #1105, #1028, #843 ) ) ;
#1067 = EDGE_LOOP ( 'NONE', ( #305, #712, #493, #942 ) ) ;
#1068 = CARTESIAN_POINT ( 'NONE',  ( -2.699999999999992628, -1.000000000000000000, -2.400000000000009237 ) ) ;
#1069 = CARTESIAN_POINT ( 'NONE',  ( 1.099999999999990763, -4.200000000000000178, 2.400000000000003908 ) ) ;
#1070 = VECTOR ( 'NONE', #1434, 1000.000000000000000 ) ;
#1071 = CARTESIAN_POINT ( 'NONE',  ( 0.000000000000000000, -4.500000000000000000, 0.000000000000000000 ) ) ;
#1072 = ADVANCED_FACE ( 'NONE', ( #262 ), #1598, .F. ) ;
#1073 = VERTEX_POINT ( 'NONE', #383 ) ;
#1074 = DIRECTION ( 'NONE',  ( -3.947987516731766760E-15, 0.000000000000000000, 1.000000000000000000 ) ) ;
#1075 = VERTEX_POINT ( 'NONE', #1606 ) ;
#1076 = ORIENTED_EDGE ( 'NONE', *, *, #360, .T. ) ;
#1077 = CARTESIAN_POINT ( 'NONE',  ( 1.850000000000013411, -1.000000000000000000, -2.399999999999993250 ) ) ;
#1078 = DIRECTION ( 'NONE',  ( -0.7071067811865483499, 0.000000000000000000, -0.7071067811865466846 ) ) ;
#1079 = PRODUCT_DEFINITION_CONTEXT ( 'detailed design', #1050, 'design' ) ;
#1080 = VECTOR ( 'NONE', #1578, 1000.000000000000114 ) ;
#1081 =( GEOMETRIC_REPRESENTATION_CONTEXT ( 3 ) GLOBAL_UNCERTAINTY_ASSIGNED_CONTEXT ( ( #544 ) ) GLOBAL_UNIT_ASSIGNED_CONTEXT ( ( #887, #1611, #1633 ) ) REPRESENTATION_CONTEXT ( 'NONE', 'WORKASPACE' ) );
#1082 = DIRECTION ( 'NONE',  ( 3.719734427787450452E-15, 0.000000000000000000, -1.000000000000000000 ) ) ;
#1083 = ADVANCED_FACE ( 'NONE', ( #980 ), #1311, .T. ) ;
#1084 = VERTEX_POINT ( 'NONE', #1147 ) ;
#1085 = FACE_OUTER_BOUND ( 'NONE', #1202, .T. ) ;
#1086 = PRODUCT_DEFINITION ( 'UNKNOWN', '', #1314, #1079 ) ;
#1087 = ORIENTED_EDGE ( 'NONE', *, *, #851, .F. ) ;
#1088 = VERTEX_POINT ( 'NONE', #1892 ) ;
#1089 = PLANE ( 'NONE',  #391 ) ;
#1090 = LINE ( 'NONE', #621, #250 ) ;
#1091 = CARTESIAN_POINT ( 'NONE',  ( -2.700000000000001066, -1.000000000000000000, -9.096344979106678630E-15 ) ) ;
#1092 = MECHANICAL_DESIGN_GEOMETRIC_PRESENTATION_REPRESENTATION (  '', ( #1497 ), #966 ) ;
#1093 = VECTOR ( 'NONE', #875, 1000.000000000000114 ) ;
#1094 = CARTESIAN_POINT ( 'NONE',  ( 3.000000000000009326, -3.499999999999999556, -2.399999999999989253 ) ) ;
#1095 = ORIENTED_EDGE ( 'NONE', *, *, #1699, .T. ) ;
#1096 = EDGE_LOOP ( 'NONE', ( #696, #842, #1831, #667 ) ) ;
#1097 = EDGE_CURVE ( 'NONE', #1585, #1316, #1571, .T. ) ;
#1098 = PLANE ( 'NONE',  #1874 ) ;
#1099 = DIRECTION ( 'NONE',  ( 3.491481338843133355E-15, 0.000000000000000000, -1.000000000000000000 ) ) ;
#1100 = CARTESIAN_POINT ( 'NONE',  ( -1.849999999999996092, -3.499999999999999556, -2.400000000000006128 ) ) ;
#1101 = CLOSED_SHELL ( 'NONE', ( #1058, #1155, #1212, #618, #315, #558, #1836, #115, #1072, #1022, #642, #1166, #1379, #1549, #908, #1366, #166, #361, #590, #1857, #62, #1325 ) ) ;
#1102 = MECHANICAL_DESIGN_GEOMETRIC_PRESENTATION_REPRESENTATION (  '', ( #1721 ), #509 ) ;
#1103 = SURFACE_STYLE_USAGE ( .BOTH. , #347 ) ;
#1104 = CARTESIAN_POINT ( 'NONE',  ( 0.000000000000000000, -4.200000000000000178, 0.000000000000000000 ) ) ;
#1105 = ORIENTED_EDGE ( 'NONE', *, *, #443, .F. ) ;
#1106 = EDGE_LOOP ( 'NONE', ( #343, #244 ) ) ;
#1107 = LINE ( 'NONE', #1871, #1358 ) ;
#1108 = CARTESIAN_POINT ( 'NONE',  ( 2.699999999999992628, -1.000000000000000000, 2.400000000000009237 ) ) ;
#1109 = EDGE_CURVE ( 'NONE', #886, #820, #706, .T. ) ;
#1110 = EDGE_CURVE ( 'NONE', #446, #595, #1734, .T. ) ;
#1111 = DIRECTION ( 'NONE',  ( 1.000000000000000000, 0.000000000000000000, 3.491481338843133355E-15 ) ) ;
#1112 = PRESENTATION_LAYER_ASSIGNMENT (  '', '', ( #769 ) ) ;
#1113 = VECTOR ( 'NONE', #1173, 1000.000000000000000 ) ;
#1114 = LINE ( 'NONE', #1261, #1789 ) ;
#1115 = VECTOR ( 'NONE', #1292, 1000.000000000000000 ) ;
#1116 = CARTESIAN_POINT ( 'NONE',  ( -2.999999999999991118, -3.499999999999999556, -2.400000000000009681 ) ) ;
#1117 = VERTEX_POINT ( 'NONE', #999 ) ;
#1118 = ORIENTED_EDGE ( 'NONE', *, *, #568, .T. ) ;
#1119 = SHAPE_REPRESENTATION ( 'SRN6045TA-4R7M_SRN6045TA-4R7M', ( #690 ), #1025 ) ;
#1120 = LINE ( 'NONE', #87, #178 ) ;
#1121 = DIRECTION ( 'NONE',  ( -1.000000000000000000, 0.000000000000000000, -3.491481338843133355E-15 ) ) ;
#1122 = LINE ( 'NONE', #1717, #261 ) ;
#1123 = LINE ( 'NONE', #814, #707 ) ;
#1124 = EDGE_CURVE ( 'NONE', #1309, #171, #1275, .T. ) ;
#1125 = CARTESIAN_POINT ( 'NONE',  ( -2.461057336862275235, -1.382945975220889023, -8.291343166466963145E-15 ) ) ;
#1126 = DIRECTION ( 'NONE',  ( -1.000000000000000000, 0.000000000000000000, -3.491481338843133355E-15 ) ) ;
#1127 = PLANE ( 'NONE',  #726 ) ;
#1128 = ORIENTED_EDGE ( 'NONE', *, *, #1494, .T. ) ;
#1129 = B_SPLINE_CURVE_WITH_KNOTS ( 'NONE', 3,
 ( #658, #1257, #1437, #111 ),
 .UNSPECIFIED., .F., .F.,
 ( 4, 4 ),
 ( 0.000000000000000000, 1.000000000000000000 ),
 .UNSPECIFIED. ) ;
#1130 = ORIENTED_EDGE ( 'NONE', *, *, #443, .T. ) ;
#1131 = CARTESIAN_POINT ( 'NONE',  ( 2.999999999999991118, -4.200000000000000178, 2.400000000000009681 ) ) ;
#1132 = PLANE ( 'NONE',  #427 ) ;
#1133 = CARTESIAN_POINT ( 'NONE',  ( -2.461057336862275235, -1.382945975220889023, -8.291343166466963145E-15 ) ) ;
#1134 = DIRECTION ( 'NONE',  ( -3.491481338843133355E-15, 0.000000000000000000, 1.000000000000000000 ) ) ;
#1135 = ORIENTED_EDGE ( 'NONE', *, *, #869, .F. ) ;
#1136 = ORIENTED_EDGE ( 'NONE', *, *, #24, .T. ) ;
#1137 = DIRECTION ( 'NONE',  ( -0.4999999999999962252, 0.7071067811865472397, -0.5000000000000043299 ) ) ;
#1138 = VECTOR ( 'NONE', #159, 1000.000000000000114 ) ;
#1139 = FACE_OUTER_BOUND ( 'NONE', #557, .T. ) ;
#1140 = LINE ( 'NONE', #1038, #1321 ) ;
#1141 = ORIENTED_EDGE ( 'NONE', *, *, #199, .F. ) ;
#1142 = DIRECTION ( 'NONE',  ( 0.000000000000000000, -1.000000000000000000, 0.000000000000000000 ) ) ;
#1143 = DIRECTION ( 'NONE',  ( 0.7071067811865465735, 0.000000000000000000, -0.7071067811865484609 ) ) ;
#1144 = LINE ( 'NONE', #1739, #1520 ) ;
#1145 = ORIENTED_EDGE ( 'NONE', *, *, #1012, .F. ) ;
#1146 = EDGE_LOOP ( 'NONE', ( #519, #792, #1849, #1233 ) ) ;
#1147 = CARTESIAN_POINT ( 'NONE',  ( -1.850000000000013634, -4.200000000000000178, 2.399999999999993250 ) ) ;
#1148 = VECTOR ( 'NONE', #105, 1000.000000000000000 ) ;
#1149 = EDGE_CURVE ( 'NONE', #1905, #1356, #255, .T. ) ;
#1150 = DIRECTION ( 'NONE',  ( 1.000000000000000000, 0.000000000000000000, 3.491481338843133355E-15 ) ) ;
#1151 = LINE ( 'NONE', #575, #1093 ) ;
#1152 = LINE ( 'NONE', #1747, #645 ) ;
#1153 = ORIENTED_EDGE ( 'NONE', *, *, #1448, .T. ) ;
#1154 = PLANE ( 'NONE',  #65 ) ;
#1155 = ADVANCED_FACE ( 'NONE', ( #1301 ), #1885, .F. ) ;
#1156 = AXIS2_PLACEMENT_3D ( 'NONE', #1533, #1074, #1421 ) ;
#1157 = SURFACE_SIDE_STYLE ('',( #1600 ) ) ;
#1158 = EDGE_CURVE ( 'NONE', #295, #1084, #170, .T. ) ;
#1159 = LINE ( 'NONE', #864, #1250 ) ;
#1160 = ORIENTED_EDGE ( 'NONE', *, *, #146, .T. ) ;
#1161 = LINE ( 'NONE', #858, #1115 ) ;
#1162 = VERTEX_POINT ( 'NONE', #1054 ) ;
#1163 = FACE_OUTER_BOUND ( 'NONE', #940, .T. ) ;
#1164 = VECTOR ( 'NONE', #767, 1000.000000000000000 ) ;
#1165 = DIRECTION ( 'NONE',  ( 0.000000000000000000, -1.000000000000000000, 0.000000000000000000 ) ) ;
#1166 = ADVANCED_FACE ( 'NONE', ( #293 ), #1221, .F. ) ;
#1167 = VERTEX_POINT ( 'NONE', #762 ) ;
#1168 = EDGE_CURVE ( 'NONE', #3, #84, #1773, .T. ) ;
#1169 = DIRECTION ( 'NONE',  ( -2.468850131082265738E-15, 0.7071067811865475727, 0.7071067811865475727 ) ) ;
#1170 = ORIENTED_EDGE ( 'NONE', *, *, #713, .F. ) ;
#1171 = EDGE_CURVE ( 'NONE', #473, #666, #753, .T. ) ;
#1172 = CARTESIAN_POINT ( 'NONE',  ( 0.000000000000000000, -4.200000000000000178, 0.000000000000000000 ) ) ;
#1173 = DIRECTION ( 'NONE',  ( 0.000000000000000000, -1.000000000000000000, 0.000000000000000000 ) ) ;
#1174 = VECTOR ( 'NONE', #405, 1000.000000000000000 ) ;
#1175 = ORIENTED_EDGE ( 'NONE', *, *, #1338, .F. ) ;
#1176 = CIRCLE ( 'NONE', #927, 3.000000000000000888 ) ;
#1177 =( NAMED_UNIT ( * ) SI_UNIT ( $, .STERADIAN. ) SOLID_ANGLE_UNIT ( ) );
#1178 = CARTESIAN_POINT ( 'NONE',  ( 0.000000000000000000, -4.200000000000000178, 0.000000000000000000 ) ) ;
#1179 = ORIENTED_EDGE ( 'NONE', *, *, #414, .T. ) ;
#1180 = CARTESIAN_POINT ( 'NONE',  ( -1.100000000000007638, -4.200000000000000178, 2.399999999999996358 ) ) ;
#1181 = ORIENTED_EDGE ( 'NONE', *, *, #705, .F. ) ;
#1182 = LINE ( 'NONE', #1626, #816 ) ;
#1183 = CARTESIAN_POINT ( 'NONE',  ( -2.054289321881347163, 0.000000000000000000, 2.054289321881351160 ) ) ;
#1184 = DIRECTION ( 'NONE',  ( -1.000000000000000000, 0.000000000000000000, -3.491481338843133355E-15 ) ) ;
#1185 = ORIENTED_EDGE ( 'NONE', *, *, #747, .T. ) ;
#1186 = LINE ( 'NONE', #1898, #429 ) ;
#1187 = AXIS2_PLACEMENT_3D ( 'NONE', #553, #1026, #122 ) ;
#1188 = ORIENTED_EDGE ( 'NONE', *, *, #1448, .F. ) ;
#1189 = FACE_OUTER_BOUND ( 'NONE', #1378, .T. ) ;
#1190 = CARTESIAN_POINT ( 'NONE',  ( 1.850000000000014300, -4.200000000000000178, -2.399999999999992362 ) ) ;
#1191 = ADVANCED_FACE ( 'NONE', ( #1377 ), #1353, .T. ) ;
#1192 = CARTESIAN_POINT ( 'NONE',  ( 2.699999999999992628, -1.000000000000000000, 2.400000000000009237 ) ) ;
#1193 = ORIENTED_EDGE ( 'NONE', *, *, #662, .T. ) ;
#1194 =( NAMED_UNIT ( * ) PLANE_ANGLE_UNIT ( ) SI_UNIT ( $, .RADIAN. ) );
#1195 = ORIENTED_EDGE ( 'NONE', *, *, #1060, .F. ) ;
#1196 = CARTESIAN_POINT ( 'NONE',  ( 1.849999999999996092, -0.09999999999999939493, 2.400000000000006128 ) ) ;
#1197 = ORIENTED_EDGE ( 'NONE', *, *, #1574, .F. ) ;
#1198 = PLANE ( 'NONE',  #1866 ) ;
#1199 = DIRECTION ( 'NONE',  ( 0.000000000000000000, -1.000000000000000000, 0.000000000000000000 ) ) ;
#1200 = EDGE_CURVE ( 'NONE', #208, #1897, #330, .T. ) ;
#1201 = FACE_OUTER_BOUND ( 'NONE', #970, .T. ) ;
#1202 = EDGE_LOOP ( 'NONE', ( #722, #1798, #1493, #627 ) ) ;
#1203 = ORIENTED_EDGE ( 'NONE', *, *, #1879, .F. ) ;
#1204 = VERTEX_POINT ( 'NONE', #1210 ) ;
#1205 = EDGE_CURVE ( 'NONE', #1476, #587, #965, .T. ) ;
#1206 = LINE ( 'NONE', #1077, #1750 ) ;
#1207 = DIRECTION ( 'NONE',  ( 0.000000000000000000, -1.000000000000000000, 0.000000000000000000 ) ) ;
#1208 = FACE_OUTER_BOUND ( 'NONE', #140, .T. ) ;
#1209 = CARTESIAN_POINT ( 'NONE',  ( 1.099999999999990763, -4.500000000000000000, 2.400000000000003908 ) ) ;
#1210 = CARTESIAN_POINT ( 'NONE',  ( -3.000000000000000888, -3.499999999999999556, -1.010704997678519620E-14 ) ) ;
#1211 = ORIENTED_EDGE ( 'NONE', *, *, #662, .F. ) ;
#1212 = ADVANCED_FACE ( 'NONE', ( #1201 ), #1638, .F. ) ;
#1213 = VERTEX_POINT ( 'NONE', #883 ) ;
#1214 = SURFACE_STYLE_FILL_AREA ( #1035 ) ;
#1215 = CARTESIAN_POINT ( 'NONE',  ( -1.833333333333340143, 0.7666666666666668295, 1.533333333333326998 ) ) ;
#1216 = PLANE ( 'NONE',  #102 ) ;
#1217 = ADVANCED_FACE ( 'NONE', ( #1801 ), #1333, .T. ) ;
#1218 = CARTESIAN_POINT ( 'NONE',  ( -2.700000000000009059, -1.000000000000000000, 2.399999999999990141 ) ) ;
#1219 =( LENGTH_UNIT ( ) NAMED_UNIT ( * ) SI_UNIT ( .MILLI., .METRE. ) );
#1220 = ORIENTED_EDGE ( 'NONE', *, *, #1709, .F. ) ;
#1221 = PLANE ( 'NONE',  #117 ) ;
#1222 = ORIENTED_EDGE ( 'NONE', *, *, #1594, .T. ) ;
#1223 =( NAMED_UNIT ( * ) SI_UNIT ( $, .STERADIAN. ) SOLID_ANGLE_UNIT ( ) );
#1224 = CARTESIAN_POINT ( 'NONE',  ( 1.208578643762701743, 0.000000000000000000, -2.899999999999995026 ) ) ;
#1225 = DIRECTION ( 'NONE',  ( -2.468850131082265738E-15, 0.7071067811865475727, 0.7071067811865475727 ) ) ;
#1226 = CLOSED_SHELL ( 'NONE', ( #466, #796, #1828, #1380, #1806, #1639 ) ) ;
#1227 = VECTOR ( 'NONE', #13, 1000.000000000000000 ) ;
#1228 = EDGE_CURVE ( 'NONE', #125, #800, #1630, .T. ) ;
#1229 = VECTOR ( 'NONE', #1237, 1000.000000000000000 ) ;
#1230 = EDGE_CURVE ( 'NONE', #1396, #1346, #733, .T. ) ;
#1231 = ORIENTED_EDGE ( 'NONE', *, *, #81, .T. ) ;
#1232 = DIRECTION ( 'NONE',  ( 1.000000000000000000, 0.000000000000000000, 3.491481338843133355E-15 ) ) ;
#1233 = ORIENTED_EDGE ( 'NONE', *, *, #338, .F. ) ;
#1234 =( GEOMETRIC_REPRESENTATION_CONTEXT ( 3 ) GLOBAL_UNCERTAINTY_ASSIGNED_CONTEXT ( ( #130 ) ) GLOBAL_UNIT_ASSIGNED_CONTEXT ( ( #661, #482, #644 ) ) REPRESENTATION_CONTEXT ( 'NONE', 'WORKASPACE' ) );
#1235 = VERTEX_POINT ( 'NONE', #485 ) ;
#1236 = APPLICATION_PROTOCOL_DEFINITION ( 'draft international standard', 'automotive_design', 1998, #1623 ) ;
#1237 = DIRECTION ( 'NONE',  ( 0.000000000000000000, 1.000000000000000000, 0.000000000000000000 ) ) ;
#1238 = DIRECTION ( 'NONE',  ( -1.000000000000000000, 0.000000000000000000, -3.491481338843133355E-15 ) ) ;
#1239 = FACE_OUTER_BOUND ( 'NONE', #776, .T. ) ;
#1240 = AXIS2_PLACEMENT_3D ( 'NONE', #1183, #1904, #1496 ) ;
#1241 = EDGE_CURVE ( 'NONE', #1702, #1167, #1621, .T. ) ;
#1242 = AXIS2_PLACEMENT_3D ( 'NONE', #768, #1225, #1238 ) ;
#1243 = FACE_OUTER_BOUND ( 'NONE', #1, .T. ) ;
#1244 = CARTESIAN_POINT ( 'NONE',  ( 1.849999999999996314, -4.200000000000000178, 2.400000000000006128 ) ) ;
#1245 = ORIENTED_EDGE ( 'NONE', *, *, #245, .T. ) ;
#1246 = EDGE_LOOP ( 'NONE', ( #603, #1185, #1599, #1197 ) ) ;
#1247 = CARTESIAN_POINT ( 'NONE',  ( 2.699999999999992628, -0.09999999999999940881, 2.400000000000009237 ) ) ;
#1248 = LINE ( 'NONE', #935, #1371 ) ;
#1249 = CARTESIAN_POINT ( 'NONE',  ( 1.797887029861949149, -1.926639188686755766, -3.595774059723868099 ) ) ;
#1250 = VECTOR ( 'NONE', #1315, 1000.000000000000000 ) ;
#1251 = VECTOR ( 'NONE', #16, 1000.000000000000000 ) ;
#1252 = DIRECTION ( 'NONE',  ( 0.2810846377148154551, 0.6785983445458475538, 0.6785983445458485530 ) ) ;
#1253 = ADVANCED_FACE ( 'NONE', ( #594 ), #1792, .T. ) ;
#1254 = DIRECTION ( 'NONE',  ( 0.2810846377148154551, 0.6785983445458475538, 0.6785983445458485530 ) ) ;
#1255 = ORIENTED_EDGE ( 'NONE', *, *, #342, .F. ) ;
#1256 = ORIENTED_EDGE ( 'NONE', *, *, #977, .F. ) ;
#1257 = CARTESIAN_POINT ( 'NONE',  ( -1.797887029861937380, -1.926639188686755544, -6.057111354476164884E-15 ) ) ;
#1258 = CARTESIAN_POINT ( 'NONE',  ( 3.000000000000009326, -3.499999999999999556, -2.399999999999989253 ) ) ;
#1259 = DIRECTION ( 'NONE',  ( 0.000000000000000000, 1.000000000000000000, 0.000000000000000000 ) ) ;
#1260 = AXIS2_PLACEMENT_3D ( 'NONE', #209, #219, #1057 ) ;
#1261 = CARTESIAN_POINT ( 'NONE',  ( -1.099999999999990763, -4.200000000000000178, -2.400000000000003020 ) ) ;
#1262 = CARTESIAN_POINT ( 'NONE',  ( -0.000000000000000000, -3.499999999999999556, 0.000000000000000000 ) ) ;
#1263 = ORIENTED_EDGE ( 'NONE', *, *, #1736, .F. ) ;
#1264 = ORIENTED_EDGE ( 'NONE', *, *, #498, .F. ) ;
#1265 = ORIENTED_EDGE ( 'NONE', *, *, #428, .T. ) ;
#1266 = CARTESIAN_POINT ( 'NONE',  ( -2.599999999999993427, 0.000000000000000000, -2.300000000000009592 ) ) ;
#1267 = LINE ( 'NONE', #534, #957 ) ;
#1268 = EDGE_CURVE ( 'NONE', #404, #1396, #1064, .T. ) ;
#1269 = CARTESIAN_POINT ( 'NONE',  ( -2.699999999999992628, -1.000000000000000000, -2.400000000000009237 ) ) ;
#1270 = VECTOR ( 'NONE', #280, 1000.000000000000000 ) ;
#1271 = CARTESIAN_POINT ( 'NONE',  ( 3.000000000000007550, -4.500000000000000000, -2.399999999999988809 ) ) ;
#1272 = VECTOR ( 'NONE', #235, 1000.000000000000000 ) ;
#1273 = CARTESIAN_POINT ( 'NONE',  ( -2.700000000000001066, -1.000000000000000000, -9.096344979106678630E-15 ) ) ;
#1274 = VECTOR ( 'NONE', #296, 1000.000000000000000 ) ;
#1275 = LINE ( 'NONE', #395, #335 ) ;
#1276 = CARTESIAN_POINT ( 'NONE',  ( -1.849999999999996092, -1.000000000000000000, -2.400000000000006128 ) ) ;
#1277 = ORIENTED_EDGE ( 'NONE', *, *, #1313, .T. ) ;
#1278 = ORIENTED_EDGE ( 'NONE', *, *, #1518, .F. ) ;
#1279 =( NAMED_UNIT ( * ) PLANE_ANGLE_UNIT ( ) SI_UNIT ( $, .RADIAN. ) );
#1280 = PLANE ( 'NONE',  #1400 ) ;
#1281 = CARTESIAN_POINT ( 'NONE',  ( 1.779289321881342589, 0.000000000000000000, 2.329289321881351071 ) ) ;
#1282 = ADVANCED_FACE ( 'NONE', ( #1041 ), #902, .T. ) ;
#1283 = FACE_OUTER_BOUND ( 'NONE', #950, .T. ) ;
#1284 = DIRECTION ( 'NONE',  ( 0.000000000000000000, -1.000000000000000000, 0.000000000000000000 ) ) ;
#1285 = VECTOR ( 'NONE', #1254, 1000.000000000000000 ) ;
#1286 = CARTESIAN_POINT ( 'NONE',  ( 1.113090569084794312, 0.2305286049322538833, 2.669471395067749331 ) ) ;
#1287 = VECTOR ( 'NONE', #369, 1000.000000000000000 ) ;
#1288 = DIRECTION ( 'NONE',  ( -3.491481338843133355E-15, 0.000000000000000000, 1.000000000000000000 ) ) ;
#1289 = ORIENTED_EDGE ( 'NONE', *, *, #1666, .F. ) ;
#1290 = DIRECTION ( 'NONE',  ( 0.000000000000000000, -1.000000000000000000, 0.000000000000000000 ) ) ;
#1291 = PLANE ( 'NONE',  #1532 ) ;
#1292 = DIRECTION ( 'NONE',  ( 0.000000000000000000, -1.000000000000000000, 0.000000000000000000 ) ) ;
#1293 = EDGE_CURVE ( 'NONE', #800, #473, #1559, .T. ) ;
#1294 = ORIENTED_EDGE ( 'NONE', *, *, #1895, .F. ) ;
#1295 = DIRECTION ( 'NONE',  ( 3.491481338843133355E-15, 0.000000000000000000, -1.000000000000000000 ) ) ;
#1296 = CARTESIAN_POINT ( 'NONE',  ( 2.600000000000001421, 0.000000000000000000, 9.077851480992153035E-15 ) ) ;
#1297 = PRESENTATION_STYLE_ASSIGNMENT (( #121 ) ) ;
#1298 = FACE_OUTER_BOUND ( 'NONE', #1668, .T. ) ;
#1299 = CARTESIAN_POINT ( 'NONE',  ( -2.699999999999992628, 0.000000000000000000, -2.300000000000010036 ) ) ;
#1300 = EDGE_LOOP ( 'NONE', ( #1018, #1767, #1381, #454 ) ) ;
#1301 = FACE_OUTER_BOUND ( 'NONE', #411, .T. ) ;
#1302 = EDGE_CURVE ( 'NONE', #331, #1650, #1677, .T. ) ;
#1303 = VECTOR ( 'NONE', #1537, 1000.000000000000000 ) ;
#1304 = VERTEX_POINT ( 'NONE', #1670 ) ;
#1305 = DIRECTION ( 'NONE',  ( -1.000000000000000000, 0.000000000000000000, -3.491481338843133355E-15 ) ) ;
#1306 = UNCERTAINTY_MEASURE_WITH_UNIT (LENGTH_MEASURE( 1.000000000000000082E-05 ), #475, 'distance_accuracy_value', 'NONE');
#1307 = DIRECTION ( 'NONE',  ( 1.000000000000000000, -0.000000000000000000, 3.491481338843133355E-15 ) ) ;
#1308 = DIRECTION ( 'NONE',  ( 1.000000000000000000, 0.000000000000000000, 3.263228249898816653E-15 ) ) ;
#1309 = VERTEX_POINT ( 'NONE', #1244 ) ;
#1310 = VECTOR ( 'NONE', #708, 1000.000000000000000 ) ;
#1311 = PLANE ( 'NONE',  #1850 ) ;
#1312 = VERTEX_POINT ( 'NONE', #1094 ) ;
#1313 = EDGE_CURVE ( 'NONE', #57, #307, #349, .T. ) ;
#1314 = PRODUCT_DEFINITION_FORMATION_WITH_SPECIFIED_SOURCE ( 'ANY', '', #283, .NOT_KNOWN. ) ;
#1315 = DIRECTION ( 'NONE',  ( -3.491481338843133355E-15, 0.000000000000000000, 1.000000000000000000 ) ) ;
#1316 = VERTEX_POINT ( 'NONE', #74 ) ;
#1317 = DIRECTION ( 'NONE',  ( 3.491481338843133355E-15, 0.000000000000000000, -1.000000000000000000 ) ) ;
#1318 = ORIENTED_EDGE ( 'NONE', *, *, #463, .T. ) ;
#1319 = LINE ( 'NONE', #1900, #58 ) ;
#1320 = CARTESIAN_POINT ( 'NONE',  ( 1.849999999999996092, -3.499999999999999556, 2.400000000000006128 ) ) ;
#1321 = VECTOR ( 'NONE', #1635, 1000.000000000000000 ) ;
#1322 = ORIENTED_EDGE ( 'NONE', *, *, #1525, .T. ) ;
#1323 = VECTOR ( 'NONE', #692, 1000.000000000000000 ) ;
#1324 = SURFACE_SIDE_STYLE ('',( #423 ) ) ;
#1325 = ADVANCED_FACE ( 'NONE', ( #1684 ), #653, .T. ) ;
#1326 = CARTESIAN_POINT ( 'NONE',  ( -1.100000000000007638, -4.500000000000000000, 2.399999999999996358 ) ) ;
#1327 = ORIENTED_EDGE ( 'NONE', *, *, #498, .T. ) ;
#1328 = LINE ( 'NONE', #157, #1733 ) ;
#1329 = ORIENTED_EDGE ( 'NONE', *, *, #747, .F. ) ;
#1330 = LINE ( 'NONE', #439, #543 ) ;
#1331 = DIRECTION ( 'NONE',  ( 0.000000000000000000, 1.000000000000000000, 0.000000000000000000 ) ) ;
#1332 = VECTOR ( 'NONE', #41, 1000.000000000000114 ) ;
#1333 = PLANE ( 'NONE',  #847 ) ;
#1334 = VECTOR ( 'NONE', #659, 1000.000000000000000 ) ;
#1335 = DIRECTION ( 'NONE',  ( 1.000000000000000000, 0.000000000000000000, 0.000000000000000000 ) ) ;
#1336 = EDGE_LOOP ( 'NONE', ( #217, #1470, #1130, #853, #1735, #286, #1693, #85, #1671, #1551, #1222, #1720 ) ) ;
#1337 = CARTESIAN_POINT ( 'NONE',  ( 1.100000000000007638, -4.200000000000000178, -2.399999999999995026 ) ) ;
#1338 = EDGE_CURVE ( 'NONE', #1650, #289, #195, .T. ) ;
#1339 = VERTEX_POINT ( 'NONE', #939 ) ;
#1340 = DIRECTION ( 'NONE',  ( 1.000000000000000000, -0.000000000000000000, 3.491481338843133355E-15 ) ) ;
#1341 = FILL_AREA_STYLE ('',( #161 ) ) ;
#1342 = AXIS2_PLACEMENT_3D ( 'NONE', #39, #606, #1814 ) ;
#1343 = CARTESIAN_POINT ( 'NONE',  ( 3.000000000000007550, -9.662363799656123575, -2.399999999999988809 ) ) ;
#1344 = DIRECTION ( 'NONE',  ( 0.000000000000000000, 0.000000000000000000, 1.000000000000000000 ) ) ;
#1345 = VECTOR ( 'NONE', #635, 1000.000000000000000 ) ;
#1346 = VERTEX_POINT ( 'NONE', #355 ) ;
#1347 = CARTESIAN_POINT ( 'NONE',  ( -1.208578643762681093, 0.000000000000000000, -2.900000000000003908 ) ) ;
#1348 = AXIS2_PLACEMENT_3D ( 'NONE', #1799, #468, #1061 ) ;
#1349 = ORIENTED_EDGE ( 'NONE', *, *, #481, .T. ) ;
#1350 = LINE ( 'NONE', #529, #1070 ) ;
#1351 = PLANE ( 'NONE',  #1548 ) ;
#1352 = EDGE_CURVE ( 'NONE', #899, #1075, #83, .T. ) ;
#1353 = PLANE ( 'NONE',  #501 ) ;
#1354 = VECTOR ( 'NONE', #1797, 1000.000000000000000 ) ;
#1355 = VERTEX_POINT ( 'NONE', #492 ) ;
#1356 = VERTEX_POINT ( 'NONE', #216 ) ;
#1357 = DIRECTION ( 'NONE',  ( 1.000000000000000000, 0.000000000000000000, 0.000000000000000000 ) ) ;
#1358 = VECTOR ( 'NONE', #1575, 1000.000000000000000 ) ;
#1359 = ORIENTED_EDGE ( 'NONE', *, *, #825, .T. ) ;
#1360 = CARTESIAN_POINT ( 'NONE',  ( -0.000000000000000000, -1.000000000000000000, 0.000000000000000000 ) ) ;
#1361 = ORIENTED_EDGE ( 'NONE', *, *, #453, .T. ) ;
#1362 = DIRECTION ( 'NONE',  ( 0.000000000000000000, 1.000000000000000000, 0.000000000000000000 ) ) ;
#1363 = CARTESIAN_POINT ( 'NONE',  ( -1.849999999999996092, -3.499999999999999556, -2.400000000000006128 ) ) ;
#1364 = EDGE_CURVE ( 'NONE', #1561, #595, #1860, .T. ) ;
#1365 = AXIS2_PLACEMENT_3D ( 'NONE', #854, #687, #861 ) ;
#1366 = ADVANCED_FACE ( 'NONE', ( #1085 ), #1542, .F. ) ;
#1367 = DIRECTION ( 'NONE',  ( -3.491481338843133355E-15, 0.000000000000000000, 1.000000000000000000 ) ) ;
#1368 = VERTEX_POINT ( 'NONE', #206 ) ;
#1369 = EDGE_LOOP ( 'NONE', ( #366, #1685, #175, #1765 ) ) ;
#1370 = DIRECTION ( 'NONE',  ( -1.000000000000000000, 0.000000000000000000, -3.491481338843133355E-15 ) ) ;
#1371 = VECTOR ( 'NONE', #1530, 1000.000000000000000 ) ;
#1372 = FACE_OUTER_BOUND ( 'NONE', #1096, .T. ) ;
#1373 = LINE ( 'NONE', #211, #276 ) ;
#1374 = AXIS2_PLACEMENT_3D ( 'NONE', #596, #306, #897 ) ;
#1375 = CARTESIAN_POINT ( 'NONE',  ( 1.249999999999989786, 0.000000000000000000, 2.900000000000003908 ) ) ;
#1376 = CARTESIAN_POINT ( 'NONE',  ( -3.000000000000021760, -3.499999999999999112, 5.999999999999990230 ) ) ;
#1377 = FACE_OUTER_BOUND ( 'NONE', #727, .T. ) ;
#1378 = EDGE_LOOP ( 'NONE', ( #1170, #564, #1544, #348 ) ) ;
#1379 = ADVANCED_FACE ( 'NONE', ( #799 ), #1410, .F. ) ;
#1380 = ADVANCED_FACE ( 'NONE', ( #663 ), #507, .F. ) ;
#1381 = ORIENTED_EDGE ( 'NONE', *, *, #1230, .F. ) ;
#1382 = DIRECTION ( 'NONE',  ( 3.401131157802674784E-15, 0.000000000000000000, -1.000000000000000000 ) ) ;
#1383 = CARTESIAN_POINT ( 'NONE',  ( 1.849999999999996092, -4.500000000000000000, 2.400000000000006128 ) ) ;
#1384 = EDGE_CURVE ( 'NONE', #1476, #1204, #1771, .T. ) ;
#1385 = AXIS2_PLACEMENT_3D ( 'NONE', #1262, #365, #1232 ) ;
#1386 = EDGE_LOOP ( 'NONE', ( #1361, #180, #225, #1141 ) ) ;
#1387 = LINE ( 'NONE', #56, #632 ) ;
#1388 = ORIENTED_EDGE ( 'NONE', *, *, #1818, .T. ) ;
#1389 = LINE ( 'NONE', #1823, #1164 ) ;
#1390 = CARTESIAN_POINT ( 'NONE',  ( 1.208578643762681093, 0.000000000000000000, 2.900000000000003908 ) ) ;
#1391 = VECTOR ( 'NONE', #186, 1000.000000000000000 ) ;
#1392 = DIRECTION ( 'NONE',  ( 0.000000000000000000, -1.000000000000000000, 0.000000000000000000 ) ) ;
#1393 = ORIENTED_EDGE ( 'NONE', *, *, #1631, .F. ) ;
#1394 = CARTESIAN_POINT ( 'NONE',  ( -1.250000000000010436, -3.499999999999999556, 2.999999999999994227 ) ) ;
#1395 = VERTEX_POINT ( 'NONE', #1847 ) ;
#1396 = VERTEX_POINT ( 'NONE', #1394 ) ;
#1397 = LINE ( 'NONE', #345, #89 ) ;
#1398 = LINE ( 'NONE', #71, #459 ) ;
#1399 = CARTESIAN_POINT ( 'NONE',  ( 1.249999999999989564, -1.000000000000000000, 3.000000000000003109 ) ) ;
#1400 = AXIS2_PLACEMENT_3D ( 'NONE', #389, #962, #1416 ) ;
#1401 = EDGE_CURVE ( 'NONE', #835, #547, #515, .T. ) ;
#1402 = EDGE_CURVE ( 'NONE', #718, #679, #1701, .T. ) ;
#1403 = CARTESIAN_POINT ( 'NONE',  ( 3.000000000000001332, -3.499999999999999556, 1.047444401652940480E-14 ) ) ;
#1404 = DIRECTION ( 'NONE',  ( -1.000000000000000000, 0.000000000000000000, -3.868595137968528431E-15 ) ) ;
#1405 = ORIENTED_EDGE ( 'NONE', *, *, #1425, .T. ) ;
#1406 = DIRECTION ( 'NONE',  ( -3.491481338843133355E-15, 0.000000000000000000, 1.000000000000000000 ) ) ;
#1407 = DIRECTION ( 'NONE',  ( 0.000000000000000000, -1.000000000000000000, 0.000000000000000000 ) ) ;
#1408 = DIRECTION ( 'NONE',  ( 1.000000000000000000, 0.000000000000000000, 3.719734427787450452E-15 ) ) ;
#1409 = VECTOR ( 'NONE', #1691, 1000.000000000000000 ) ;
#1410 = PLANE ( 'NONE',  #318 ) ;
#1411 = EDGE_CURVE ( 'NONE', #969, #1794, #66, .T. ) ;
#1412 = ORIENTED_EDGE ( 'NONE', *, *, #124, .F. ) ;
#1413 = ORIENTED_EDGE ( 'NONE', *, *, #1593, .T. ) ;
#1414 = ORIENTED_EDGE ( 'NONE', *, *, #144, .F. ) ;
#1415 = LINE ( 'NONE', #984, #1568 ) ;
#1416 = DIRECTION ( 'NONE',  ( 3.491481338843133355E-15, 0.000000000000000000, -1.000000000000000000 ) ) ;
#1417 = DIRECTION ( 'NONE',  ( -1.000000000000000000, 0.000000000000000000, -3.491481338843133355E-15 ) ) ;
#1418 = LINE ( 'NONE', #702, #187 ) ;
#1419 = VECTOR ( 'NONE', #848, 1000.000000000000000 ) ;
#1420 = CARTESIAN_POINT ( 'NONE',  ( 2.699999999999982414, -1.000000000000000000, 5.400000000000011013 ) ) ;
#1421 = DIRECTION ( 'NONE',  ( 1.000000000000000000, 0.000000000000000000, 3.947987516731766760E-15 ) ) ;
#1422 = ORIENTED_EDGE ( 'NONE', *, *, #12, .F. ) ;
#1423 = ORIENTED_EDGE ( 'NONE', *, *, #1696, .T. ) ;
#1424 = CONTEXT_DEPENDENT_SHAPE_REPRESENTATION ( #1781, #1612 ) ;
#1425 = EDGE_CURVE ( 'NONE', #765, #1602, #1387, .T. ) ;
#1426 = DIRECTION ( 'NONE',  ( 0.7071067811865483499, 0.000000000000000000, 0.7071067811865466846 ) ) ;
#1427 = DIRECTION ( 'NONE',  ( 1.000000000000000000, 0.000000000000000000, 3.491481338843133355E-15 ) ) ;
#1428 = CARTESIAN_POINT ( 'NONE',  ( -2.461057336862258360, -1.382945975220889245, -4.922114673724558465 ) ) ;
#1429 = LINE ( 'NONE', #1271, #1148 ) ;
#1430 = EDGE_LOOP ( 'NONE', ( #743, #1359, #1461, #1327 ) ) ;
#1431 = VECTOR ( 'NONE', #132, 1000.000000000000000 ) ;
#1432 = DIRECTION ( 'NONE',  ( 0.000000000000000000, 1.000000000000000000, 0.000000000000000000 ) ) ;
#1433 = FACE_OUTER_BOUND ( 'NONE', #1146, .T. ) ;
#1434 = DIRECTION ( 'NONE',  ( -0.7071067811865532349, 0.000000000000000000, 0.7071067811865417996 ) ) ;
#1435 = ORIENTED_EDGE ( 'NONE', *, *, #360, .F. ) ;
#1436 = ORIENTED_EDGE ( 'NONE', *, *, #231, .T. ) ;
#1437 = CARTESIAN_POINT ( 'NONE',  ( -2.461057336862275235, -1.382945975220889023, -8.291343166466963145E-15 ) ) ;
#1438 = EDGE_CURVE ( 'NONE', #1084, #636, #243, .T. ) ;
#1439 = CARTESIAN_POINT ( 'NONE',  ( 1.250000000000010436, -3.499999999999999556, -2.999999999999994227 ) ) ;
#1440 = DIRECTION ( 'NONE',  ( -1.000000000000000000, 0.000000000000000000, -3.868595137968528431E-15 ) ) ;
#1441 = ORIENTED_EDGE ( 'NONE', *, *, #1743, .F. ) ;
#1442 = COLOUR_RGB ( '',0.7921568627450980005, 0.8196078431372548767, 0.9333333333333333481 ) ;
#1443 = PLANE ( 'NONE',  #129 ) ;
#1444 = DIRECTION ( 'NONE',  ( 0.7071067811865532349, 0.000000000000000000, -0.7071067811865416886 ) ) ;
#1445 = VECTOR ( 'NONE', #795, 1000.000000000000114 ) ;
#1446 = LINE ( 'NONE', #1462, #1844 ) ;
#1447 = LINE ( 'NONE', #1587, #936 ) ;
#1448 = EDGE_CURVE ( 'NONE', #1704, #1492, #397, .T. ) ;
#1449 = CARTESIAN_POINT ( 'NONE',  ( 2.700000000000009059, -1.000000000000000000, -2.399999999999990141 ) ) ;
#1450 = ADVANCED_FACE ( 'NONE', ( #298 ), #1572, .F. ) ;
#1451 = ORIENTED_EDGE ( 'NONE', *, *, #414, .F. ) ;
#1452 = DIRECTION ( 'NONE',  ( 0.000000000000000000, -1.000000000000000000, 0.000000000000000000 ) ) ;
#1453 = CARTESIAN_POINT ( 'NONE',  ( -2.700000000000009059, -3.499999999999999556, 2.399999999999990141 ) ) ;
#1454 = DIRECTION ( 'NONE',  ( -3.491481338843133355E-15, 0.000000000000000000, 1.000000000000000000 ) ) ;
#1455 = VECTOR ( 'NONE', #1444, 1000.000000000000114 ) ;
#1456 = ORIENTED_EDGE ( 'NONE', *, *, #1893, .F. ) ;
#1457 = EDGE_CURVE ( 'NONE', #289, #1875, #1350, .T. ) ;
#1458 = ADVANCED_FACE ( 'NONE', ( #1189 ), #1584, .F. ) ;
#1459 = PLANE ( 'NONE',  #32 ) ;
#1460 = AXIS2_PLACEMENT_3D ( 'NONE', #223, #1392, #54 ) ;
#1461 = ORIENTED_EDGE ( 'NONE', *, *, #593, .T. ) ;
#1462 = CARTESIAN_POINT ( 'NONE',  ( 1.249999999999989564, -4.500000000000000000, 3.000000000000003109 ) ) ;
#1463 = FACE_OUTER_BOUND ( 'NONE', #253, .T. ) ;
#1464 = ORIENTED_EDGE ( 'NONE', *, *, #463, .F. ) ;
#1465 = CARTESIAN_POINT ( 'NONE',  ( 0.000000000000000000, -4.200000000000000178, 0.000000000000000000 ) ) ;
#1466 = PRODUCT_DEFINITION_SHAPE ( 'NONE', 'NONE',  #101 ) ;
#1467 = ORIENTED_EDGE ( 'NONE', *, *, #761, .T. ) ;
#1468 = DIRECTION ( 'NONE',  ( 0.7071067811865484609, 0.000000000000000000, 0.7071067811865465735 ) ) ;
#1469 = CARTESIAN_POINT ( 'NONE',  ( -1.850000000000013634, -4.200000000000000178, 2.399999999999993250 ) ) ;
#1470 = ORIENTED_EDGE ( 'NONE', *, *, #338, .T. ) ;
#1471 = EDGE_CURVE ( 'NONE', #307, #1702, #449, .T. ) ;
#1472 = DIRECTION ( 'NONE',  ( -3.491481338843133355E-15, 0.000000000000000000, 1.000000000000000000 ) ) ;
#1473 = LINE ( 'NONE', #905, #374 ) ;
#1474 = ORIENTED_EDGE ( 'NONE', *, *, #124, .T. ) ;
#1475 = PLANE ( 'NONE',  #1582 ) ;
#1476 = VERTEX_POINT ( 'NONE', #748 ) ;
#1477 = CARTESIAN_POINT ( 'NONE',  ( 2.054289321881332508, 0.000000000000000000, 2.054289321881366259 ) ) ;
#1478 = PLANE ( 'NONE',  #1854 ) ;
#1479 = AXIS2_PLACEMENT_3D ( 'NONE', #278, #1614, #1468 ) ;
#1480 = VECTOR ( 'NONE', #1591, 1000.000000000000000 ) ;
#1481 = CARTESIAN_POINT ( 'NONE',  ( -1.250000000000010436, -3.499999999999999556, 2.999999999999994227 ) ) ;
#1482 = ADVANCED_FACE ( 'NONE', ( #1495 ), #981, .T. ) ;
#1483 =( NAMED_UNIT ( * ) SI_UNIT ( $, .STERADIAN. ) SOLID_ANGLE_UNIT ( ) );
#1484 = ORIENTED_EDGE ( 'NONE', *, *, #1043, .T. ) ;
#1485 = EDGE_LOOP ( 'NONE', ( #267, #1464, #252, #1203, #1796, #398, #988, #846, #1049, #697, #1500, #172 ) ) ;
#1486 = CARTESIAN_POINT ( 'NONE',  ( -1.250000000000010436, -0.09999999999999939493, 2.999999999999994227 ) ) ;
#1487 = DIRECTION ( 'NONE',  ( 0.000000000000000000, 1.000000000000000000, 0.000000000000000000 ) ) ;
#1488 = AXIS2_PLACEMENT_3D ( 'NONE', #1865, #841, #536 ) ;
#1489 = CARTESIAN_POINT ( 'NONE',  ( 2.461057336862275235, -1.382945975220889023, 8.592735765477612726E-15 ) ) ;
#1490 = CIRCLE ( 'NONE', #277, 2.700000000000001066 ) ;
#1491 =( NAMED_UNIT ( * ) SI_UNIT ( $, .STERADIAN. ) SOLID_ANGLE_UNIT ( ) );
#1492 = VERTEX_POINT ( 'NONE', #889 ) ;
#1493 = ORIENTED_EDGE ( 'NONE', *, *, #1895, .T. ) ;
#1494 = EDGE_CURVE ( 'NONE', #404, #1084, #1319, .T. ) ;
#1495 = FACE_OUTER_BOUND ( 'NONE', #194, .T. ) ;
#1496 = DIRECTION ( 'NONE',  ( -0.7071067811865483499, 0.000000000000000000, -0.7071067811865466846 ) ) ;
#1497 = STYLED_ITEM ( 'NONE', ( #9 ), #719 ) ;
#1498 = CARTESIAN_POINT ( 'NONE',  ( -1.849999999999996092, -1.000000000000000000, -2.400000000000006128 ) ) ;
#1499 = ORIENTED_EDGE ( 'NONE', *, *, #114, .T. ) ;
#1500 = ORIENTED_EDGE ( 'NONE', *, *, #481, .F. ) ;
#1501 = ORIENTED_EDGE ( 'NONE', *, *, #1654, .T. ) ;
#1502 = EDGE_CURVE ( 'NONE', #1650, #820, #731, .T. ) ;
#1503 = ORIENTED_EDGE ( 'NONE', *, *, #73, .F. ) ;
#1504 = CARTESIAN_POINT ( 'NONE',  ( -1.249999999999989564, -3.499999999999999556, -3.000000000000003109 ) ) ;
#1505 = LINE ( 'NONE', #1800, #1760 ) ;
#1506 = DIRECTION ( 'NONE',  ( -3.491481338843133355E-15, 0.000000000000000000, 1.000000000000000000 ) ) ;
#1507 = EDGE_LOOP ( 'NONE', ( #27, #1821, #678, #876 ) ) ;
#1508 = ORIENTED_EDGE ( 'NONE', *, *, #724, .F. ) ;
#1509 = VECTOR ( 'NONE', #637, 999.9999999999998863 ) ;
#1510 = CARTESIAN_POINT ( 'NONE',  ( -1.249999999999989564, -1.000000000000000000, -3.000000000000003109 ) ) ;
#1511 = FACE_OUTER_BOUND ( 'NONE', #48, .T. ) ;
#1512 = EDGE_LOOP ( 'NONE', ( #1646, #756, #375, #703 ) ) ;
#1513 = DIRECTION ( 'NONE',  ( 0.000000000000000000, -1.000000000000000000, 0.000000000000000000 ) ) ;
#1514 = CARTESIAN_POINT ( 'NONE',  ( -1.849999999999996092, -0.09999999999999940881, -2.400000000000006128 ) ) ;
#1515 = ADVANCED_FACE ( 'NONE', ( #740 ), #1127, .T. ) ;
#1516 = EDGE_CURVE ( 'NONE', #164, #899, #1330, .T. ) ;
#1517 = CARTESIAN_POINT ( 'NONE',  ( -1.250000000000010436, -3.499999999999999556, 2.999999999999994227 ) ) ;
#1518 = EDGE_CURVE ( 'NONE', #425, #914, #5, .T. ) ;
#1519 = EDGE_LOOP ( 'NONE', ( #191, #1499, #597, #1318 ) ) ;
#1520 = VECTOR ( 'NONE', #554, 1000.000000000000000 ) ;
#1521 = PLANE ( 'NONE',  #484 ) ;
#1522 = DIRECTION ( 'NONE',  ( -0.7071067811865485719, 0.000000000000000000, -0.7071067811865465735 ) ) ;
#1523 = COLOUR_RGB ( '',1.000000000000000000, 1.000000000000000000, 1.000000000000000000 ) ;
#1524 = CARTESIAN_POINT ( 'NONE',  ( 1.250000000000010436, -1.000000000000000000, -2.999999999999994227 ) ) ;
#1525 = EDGE_CURVE ( 'NONE', #1585, #982, #1182, .T. ) ;
#1526 = DIRECTION ( 'NONE',  ( -0.7071067811865532349, 0.000000000000000000, 0.7071067811865417996 ) ) ;
#1527 = ORIENTED_EDGE ( 'NONE', *, *, #1124, .T. ) ;
#1528 = VERTEX_POINT ( 'NONE', #1486 ) ;
#1529 = CARTESIAN_POINT ( 'NONE',  ( 3.000000000000007550, -4.500000000000000000, -2.399999999999988809 ) ) ;
#1530 = DIRECTION ( 'NONE',  ( -1.000000000000000000, 0.000000000000000000, -3.491481338843133355E-15 ) ) ;
#1531 = AXIS2_PLACEMENT_3D ( 'NONE', #1104, #1829, #499 ) ;
#1532 = AXIS2_PLACEMENT_3D ( 'NONE', #80, #1738, #145 ) ;
#1533 = CARTESIAN_POINT ( 'NONE',  ( -3.000000000000007550, -4.200000000000000178, 2.399999999999988809 ) ) ;
#1534 = ORIENTED_EDGE ( 'NONE', *, *, #736, .F. ) ;
#1535 = EDGE_LOOP ( 'NONE', ( #1713, #710, #46, #44 ) ) ;
#1536 = LINE ( 'NONE', #263, #1480 ) ;
#1537 = DIRECTION ( 'NONE',  ( 0.000000000000000000, -1.000000000000000000, 0.000000000000000000 ) ) ;
#1538 = EDGE_CURVE ( 'NONE', #647, #786, #588, .T. ) ;
#1539 = EDGE_CURVE ( 'NONE', #233, #356, #1140, .T. ) ;
#1540 = PLANE ( 'NONE',  #15 ) ;
#1541 = LINE ( 'NONE', #1676, #364 ) ;
#1542 = PLANE ( 'NONE',  #1156 ) ;
#1543 = ORIENTED_EDGE ( 'NONE', *, *, #1228, .F. ) ;
#1544 = ORIENTED_EDGE ( 'NONE', *, *, #479, .T. ) ;
#1545 = LINE ( 'NONE', #1652, #237 ) ;
#1546 = CARTESIAN_POINT ( 'NONE',  ( 2.699999999999992628, 0.000000000000000000, 2.300000000000010036 ) ) ;
#1547 = LINE ( 'NONE', #238, #502 ) ;
#1548 = AXIS2_PLACEMENT_3D ( 'NONE', #967, #631, #928 ) ;
#1549 = ADVANCED_FACE ( 'NONE', ( #308 ), #900, .F. ) ;
#1550 = CARTESIAN_POINT ( 'NONE',  ( -1.850000000000013634, -9.662363799656123575, 2.399999999999993250 ) ) ;
#1551 = ORIENTED_EDGE ( 'NONE', *, *, #144, .T. ) ;
#1552 = ORIENTED_EDGE ( 'NONE', *, *, #1795, .T. ) ;
#1553 = DIRECTION ( 'NONE',  ( -0.7071067811865532349, 0.000000000000000000, 0.7071067811865417996 ) ) ;
#1554 = FACE_OUTER_BOUND ( 'NONE', #1619, .T. ) ;
#1555 = DIRECTION ( 'NONE',  ( 1.000000000000000000, 0.000000000000000000, 3.719734427787450452E-15 ) ) ;
#1556 = EDGE_CURVE ( 'NONE', #307, #331, #1724, .T. ) ;
#1557 = LINE ( 'NONE', #92, #955 ) ;
#1558 = EDGE_CURVE ( 'NONE', #3, #1309, #334, .T. ) ;
#1559 = LINE ( 'NONE', #646, #1345 ) ;
#1560 = ORIENTED_EDGE ( 'NONE', *, *, #1539, .F. ) ;
#1561 = VERTEX_POINT ( 'NONE', #1665 ) ;
#1562 = ORIENTED_EDGE ( 'NONE', *, *, #1110, .F. ) ;
#1563 = CARTESIAN_POINT ( 'NONE',  ( 1.249999999999989786, -0.09999999999999935330, 3.000000000000003109 ) ) ;
#1564 = CARTESIAN_POINT ( 'NONE',  ( 2.700000000000009059, -1.000000000000000000, -2.399999999999990141 ) ) ;
#1565 = CARTESIAN_POINT ( 'NONE',  ( -2.999999999999981348, -3.499999999999999112, -6.000000000000011546 ) ) ;
#1566 = CARTESIAN_POINT ( 'NONE',  ( 1.099999999999990763, -4.200000000000000178, 2.400000000000003908 ) ) ;
#1567 = VECTOR ( 'NONE', #316, 1000.000000000000000 ) ;
#1568 = VECTOR ( 'NONE', #407, 1000.000000000000114 ) ;
#1569 = CARTESIAN_POINT ( 'NONE',  ( -1.850000000000013189, -0.09999999999999939493, 2.399999999999993250 ) ) ;
#1570 = EDGE_CURVE ( 'NONE', #1395, #1596, #612, .T. ) ;
#1571 = LINE ( 'NONE', #142, #514 ) ;
#1572 = PLANE ( 'NONE',  #390 ) ;
#1573 = ORIENTED_EDGE ( 'NONE', *, *, #994, .T. ) ;
#1574 = EDGE_CURVE ( 'NONE', #1704, #1213, #758, .T. ) ;
#1575 = DIRECTION ( 'NONE',  ( 0.000000000000000000, -1.000000000000000000, 0.000000000000000000 ) ) ;
#1576 = DIRECTION ( 'NONE',  ( 1.000000000000000000, 0.000000000000000000, 3.491481338843133355E-15 ) ) ;
#1577 = CARTESIAN_POINT ( 'NONE',  ( -1.797887029861937380, -1.926639188686755544, -6.057111354476164884E-15 ) ) ;
#1578 = DIRECTION ( 'NONE',  ( -0.7071067811865532349, 0.000000000000000000, 0.7071067811865416886 ) ) ;
#1579 = VECTOR ( 'NONE', #881, 1000.000000000000000 ) ;
#1580 = VERTEX_POINT ( 'NONE', #1656 ) ;
#1581 = CARTESIAN_POINT ( 'NONE',  ( -1.797887029861949815, -1.926639188686755766, 3.595774059723868099 ) ) ;
#1582 = AXIS2_PLACEMENT_3D ( 'NONE', #1644, #437, #19 ) ;
#1583 = DIRECTION ( 'NONE',  ( 1.000000000000000000, 0.000000000000000000, 3.034975160954500345E-15 ) ) ;
#1584 = PLANE ( 'NONE',  #1660 ) ;
#1585 = VERTEX_POINT ( 'NONE', #31 ) ;
#1586 = CARTESIAN_POINT ( 'NONE',  ( -1.850000000000013634, -4.500000000000000000, 2.399999999999993250 ) ) ;
#1587 = CARTESIAN_POINT ( 'NONE',  ( 1.849999999999996092, -1.000000000000000000, 2.400000000000006128 ) ) ;
#1588 = DIRECTION ( 'NONE',  ( -0.7071067811865483499, 0.000000000000000000, -0.7071067811865466846 ) ) ;
#1589 = DIRECTION ( 'NONE',  ( 0.000000000000000000, 1.000000000000000000, 0.000000000000000000 ) ) ;
#1590 = VECTOR ( 'NONE', #1707, 1000.000000000000000 ) ;
#1591 = DIRECTION ( 'NONE',  ( 0.7071067811865483499, 0.000000000000000000, 0.7071067811865466846 ) ) ;
#1592 = LINE ( 'NONE', #1439, #118 ) ;
#1593 = EDGE_CURVE ( 'NONE', #1355, #425, #1051, .T. ) ;
#1594 = EDGE_CURVE ( 'NONE', #518, #446, #1647, .T. ) ;
#1595 = DIRECTION ( 'NONE',  ( -3.263228249898816653E-15, 0.000000000000000000, 1.000000000000000000 ) ) ;
#1596 = VERTEX_POINT ( 'NONE', #1807 ) ;
#1597 = PRESENTATION_LAYER_ASSIGNMENT (  '', '', ( #1721 ) ) ;
#1598 = PLANE ( 'NONE',  #1365 ) ;
#1599 = ORIENTED_EDGE ( 'NONE', *, *, #302, .T. ) ;
#1600 = SURFACE_STYLE_FILL_AREA ( #560 ) ;
#1601 = DIRECTION ( 'NONE',  ( 3.491481338843133355E-15, 0.000000000000000000, -1.000000000000000000 ) ) ;
#1602 = VERTEX_POINT ( 'NONE', #458 ) ;
#1603 = CARTESIAN_POINT ( 'NONE',  ( 2.600000000000009859, 0.000000000000000000, -2.399999999999990585 ) ) ;
#1604 = ORIENTED_EDGE ( 'NONE', *, *, #1878, .T. ) ;
#1605 = VECTOR ( 'NONE', #838, 1000.000000000000000 ) ;
#1606 = CARTESIAN_POINT ( 'NONE',  ( -1.808578643762704052, 0.000000000000000000, 2.299999999999994049 ) ) ;
#1607 = VECTOR ( 'NONE', #333, 1000.000000000000000 ) ;
#1608 = VERTEX_POINT ( 'NONE', #598 ) ;
#1609 = CARTESIAN_POINT ( 'NONE',  ( 2.699999999999992628, -0.09999999999999939493, 2.400000000000009237 ) ) ;
#1610 = ORIENTED_EDGE ( 'NONE', *, *, #382, .T. ) ;
#1611 =( NAMED_UNIT ( * ) PLANE_ANGLE_UNIT ( ) SI_UNIT ( $, .RADIAN. ) );
#1612 = PRODUCT_DEFINITION_SHAPE ( 'NONE', 'NONE',  #1907 ) ;
#1613 = EDGE_LOOP ( 'NONE', ( #37, #1899, #929, #1055 ) ) ;
#1614 = DIRECTION ( 'NONE',  ( 0.4999999999999997224, 0.7071067811865469066, -0.5000000000000011102 ) ) ;
#1615 = AXIS2_PLACEMENT_3D ( 'NONE', #1888, #1143, #561 ) ;
#1616 = LINE ( 'NONE', #177, #1791 ) ;
#1617 = ADVANCED_FACE ( 'NONE', ( #1208 ), #176, .T. ) ;
#1618 = VECTOR ( 'NONE', #675, 1000.000000000000000 ) ;
#1619 = EDGE_LOOP ( 'NONE', ( #822, #1830, #109, #879 ) ) ;
#1620 = VECTOR ( 'NONE', #771, 1000.000000000000000 ) ;
#1621 = LINE ( 'NONE', #154, #260 ) ;
#1622 = LINE ( 'NONE', #409, #1772 ) ;
#1623 = APPLICATION_CONTEXT ( 'automotive_design' ) ;
#1624 = ORIENTED_EDGE ( 'NONE', *, *, #1556, .T. ) ;
#1625 = EDGE_LOOP ( 'NONE', ( #1775, #1231, #1013, #1610, #1634, #1193, #1042, #1006, #1886, #1037, #385, #67 ) ) ;
#1626 = CARTESIAN_POINT ( 'NONE',  ( 2.700000000000009059, -0.09999999999999940881, -2.399999999999990141 ) ) ;
#1627 = CARTESIAN_POINT ( 'NONE',  ( -1.099999999999990763, -4.200000000000000178, -2.400000000000003020 ) ) ;
#1628 = CLOSED_SHELL ( 'NONE', ( #303, #143, #882, #1458, #1450, #96 ) ) ;
#1629 = VECTOR ( 'NONE', #688, 1000.000000000000000 ) ;
#1630 = LINE ( 'NONE', #1343, #1062 ) ;
#1631 = EDGE_CURVE ( 'NONE', #914, #1162, #326, .T. ) ;
#1632 = ORIENTED_EDGE ( 'NONE', *, *, #654, .T. ) ;
#1633 =( NAMED_UNIT ( * ) SI_UNIT ( $, .STERADIAN. ) SOLID_ANGLE_UNIT ( ) );
#1634 = ORIENTED_EDGE ( 'NONE', *, *, #1004, .T. ) ;
#1635 = DIRECTION ( 'NONE',  ( 0.2810846377148154551, -0.6785983445458475538, 0.6785983445458485530 ) ) ;
#1636 = DIRECTION ( 'NONE',  ( -1.000000000000000000, 0.000000000000000000, -3.491481338843133355E-15 ) ) ;
#1637 = VECTOR ( 'NONE', #1427, 1000.000000000000000 ) ;
#1638 = PLANE ( 'NONE',  #1891 ) ;
#1639 = ADVANCED_FACE ( 'NONE', ( #920 ), #1198, .T. ) ;
#1640 = ORIENTED_EDGE ( 'NONE', *, *, #1494, .F. ) ;
#1641 = ORIENTED_EDGE ( 'NONE', *, *, #497, .T. ) ;
#1642 = CARTESIAN_POINT ( 'NONE',  ( 0.000000000000000000, 0.000000000000000000, 0.000000000000000000 ) ) ;
#1643 = ORIENTED_EDGE ( 'NONE', *, *, #1666, .T. ) ;
#1644 = CARTESIAN_POINT ( 'NONE',  ( 1.850000000000014300, -9.662363799656123575, -2.399999999999992362 ) ) ;
#1645 = EDGE_CURVE ( 'NONE', #415, #835, #221, .T. ) ;
#1646 = ORIENTED_EDGE ( 'NONE', *, *, #1338, .T. ) ;
#1647 = LINE ( 'NONE', #1375, #299 ) ;
#1648 = CARTESIAN_POINT ( 'NONE',  ( 1.850000000000014522, -4.500000000000000000, -2.399999999999992362 ) ) ;
#1649 = DIRECTION ( 'NONE',  ( 2.468850131082265738E-15, 0.7071067811865475727, -0.7071067811865475727 ) ) ;
#1650 = VERTEX_POINT ( 'NONE', #1689 ) ;
#1651 = ORIENTED_EDGE ( 'NONE', *, *, #750, .F. ) ;
#1652 = CARTESIAN_POINT ( 'NONE',  ( 3.000000000000009326, -3.499999999999999556, -2.399999999999989253 ) ) ;
#1653 = LINE ( 'NONE', #1069, #1015 ) ;
#1654 = EDGE_CURVE ( 'NONE', #1339, #1162, #90, .T. ) ;
#1655 = EDGE_LOOP ( 'NONE', ( #445, #1195, #971, #716 ) ) ;
#1656 = CARTESIAN_POINT ( 'NONE',  ( 1.850000000000013411, -3.499999999999999556, -2.399999999999993250 ) ) ;
#1657 = CARTESIAN_POINT ( 'NONE',  ( -0.000000000000000000, -1.000000000000000000, 0.000000000000000000 ) ) ;
#1658 = DIRECTION ( 'NONE',  ( -0.7071067811865417996, 0.000000000000000000, -0.7071067811865532349 ) ) ;
#1659 = ORIENTED_EDGE ( 'NONE', *, *, #1457, .F. ) ;
#1660 = AXIS2_PLACEMENT_3D ( 'NONE', #720, #1340, #1021 ) ;
#1661 = SURFACE_STYLE_USAGE ( .BOTH. , #1784 ) ;
#1662 = AXIS2_PLACEMENT_3D ( 'NONE', #801, #934, #620 ) ;
#1663 = LINE ( 'NONE', #464, #1354 ) ;
#1664 = DIRECTION ( 'NONE',  ( 3.491481338843133355E-15, 0.000000000000000000, -1.000000000000000000 ) ) ;
#1665 = CARTESIAN_POINT ( 'NONE',  ( 1.249999999999989564, -1.000000000000000000, 3.000000000000003109 ) ) ;
#1666 = EDGE_CURVE ( 'NONE', #1162, #793, #379, .T. ) ;
#1667 = DIRECTION ( 'NONE',  ( -1.000000000000000000, 0.000000000000000000, -3.719734427787450452E-15 ) ) ;
#1668 = EDGE_LOOP ( 'NONE', ( #1694, #1423, #1145, #1714 ) ) ;
#1669 = ADVANCED_FACE ( 'NONE', ( #392 ), #643, .T. ) ;
#1670 = CARTESIAN_POINT ( 'NONE',  ( -1.099999999999990763, -4.500000000000000000, -2.400000000000003020 ) ) ;
#1671 = ORIENTED_EDGE ( 'NONE', *, *, #1352, .T. ) ;
#1672 = VECTOR ( 'NONE', #1454, 1000.000000000000000 ) ;
#1673 = FACE_OUTER_BOUND ( 'NONE', #1430, .T. ) ;
#1674 = CARTESIAN_POINT ( 'NONE',  ( 1.850000000000013856, -3.499999999999999556, -2.399999999999992362 ) ) ;
#1675 = COLOUR_RGB ( '',0.5019607843137254832, 0.5019607843137254832, 0.5019607843137254832 ) ;
#1676 = CARTESIAN_POINT ( 'NONE',  ( -1.665685424949238325, 0.3449747468305815468, -1.955025253169424548 ) ) ;
#1677 = LINE ( 'NONE', #1820, #227 ) ;
#1678 = ORIENTED_EDGE ( 'NONE', *, *, #1654, .F. ) ;
#1679 = CARTESIAN_POINT ( 'NONE',  ( 3.000000000000007550, -9.662363799656123575, -2.399999999999988809 ) ) ;
#1680 = LINE ( 'NONE', #944, #1303 ) ;
#1681 = CARTESIAN_POINT ( 'NONE',  ( 2.461057336862291223, -1.382945975220889245, -4.922114673724540701 ) ) ;
#1682 = VECTOR ( 'NONE', #25, 1000.000000000000114 ) ;
#1683 = AXIS2_PLACEMENT_3D ( 'NONE', #1453, #1601, #435 ) ;
#1684 = FACE_OUTER_BOUND ( 'NONE', #809, .T. ) ;
#1685 = ORIENTED_EDGE ( 'NONE', *, *, #750, .T. ) ;
#1686 = DIRECTION ( 'NONE',  ( 3.491481338843133355E-15, 0.000000000000000000, -1.000000000000000000 ) ) ;
#1687 = DIRECTION ( 'NONE',  ( 0.000000000000000000, -1.000000000000000000, 0.000000000000000000 ) ) ;
#1688 = EDGE_CURVE ( 'NONE', #636, #1339, #671, .T. ) ;
#1689 = CARTESIAN_POINT ( 'NONE',  ( -1.249999999999989564, -0.09999999999999939493, -3.000000000000003109 ) ) ;
#1690 = PLANE ( 'NONE',  #97 ) ;
#1691 = DIRECTION ( 'NONE',  ( 0.000000000000000000, 1.000000000000000000, 0.000000000000000000 ) ) ;
#1692 = EDGE_LOOP ( 'NONE', ( #510, #580, #292, #55 ) ) ;
#1693 = ORIENTED_EDGE ( 'NONE', *, *, #705, .T. ) ;
#1694 = ORIENTED_EDGE ( 'NONE', *, *, #1109, .T. ) ;
#1695 = CARTESIAN_POINT ( 'NONE',  ( 7.831747799757154603E-15, -4.500000000000000000, -2.399999999999998579 ) ) ;
#1696 = EDGE_CURVE ( 'NONE', #820, #1585, #684, .T. ) ;
#1697 = PLANE ( 'NONE',  #490 ) ;
#1698 = DIRECTION ( 'NONE',  ( 3.491481338843133355E-15, 0.000000000000000000, -1.000000000000000000 ) ) ;
#1699 = EDGE_CURVE ( 'NONE', #57, #1650, #1547, .T. ) ;
#1700 = SURFACE_STYLE_FILL_AREA ( #63 ) ;
#1701 = LINE ( 'NONE', #968, #1618 ) ;
#1702 = VERTEX_POINT ( 'NONE', #1269 ) ;
#1703 = ORIENTED_EDGE ( 'NONE', *, *, #1438, .T. ) ;
#1704 = VERTEX_POINT ( 'NONE', #1845 ) ;
#1705 = CARTESIAN_POINT ( 'NONE',  ( -2.700000000000009059, -1.000000000000000000, 2.399999999999990141 ) ) ;
#1706 = CARTESIAN_POINT ( 'NONE',  ( -3.000000000000007105, -3.499999999999999556, 2.399999999999989253 ) ) ;
#1707 = DIRECTION ( 'NONE',  ( 1.000000000000000000, 0.000000000000000000, 3.491481338843133355E-15 ) ) ;
#1708 = CARTESIAN_POINT ( 'NONE',  ( 8.030407079339208295E-15, 0.000000000000000000, -2.300000000000000266 ) ) ;
#1709 = EDGE_CURVE ( 'NONE', #1075, #969, #1855, .T. ) ;
#1710 = PLANE ( 'NONE',  #1040 ) ;
#1711 = DIRECTION ( 'NONE',  ( 1.000000000000000000, 0.000000000000000000, 3.491481338843133355E-15 ) ) ;
#1712 = DIRECTION ( 'NONE',  ( 0.4999999999999962252, 0.7071067811865472397, 0.5000000000000043299 ) ) ;
#1713 = ORIENTED_EDGE ( 'NONE', *, *, #281, .F. ) ;
#1714 = ORIENTED_EDGE ( 'NONE', *, *, #126, .T. ) ;
#1715 = DIRECTION ( 'NONE',  ( -3.491481338843133355E-15, 0.000000000000000000, 1.000000000000000000 ) ) ;
#1716 = CARTESIAN_POINT ( 'NONE',  ( 2.699999999999992628, -1.000000000000000000, 2.400000000000009237 ) ) ;
#1717 = CARTESIAN_POINT ( 'NONE',  ( 3.000000000000007550, -4.200000000000000178, -2.399999999999988809 ) ) ;
#1718 = DIRECTION ( 'NONE',  ( -0.7071067811865484609, 0.000000000000000000, -0.7071067811865465735 ) ) ;
#1719 = VECTOR ( 'NONE', #1768, 1000.000000000000000 ) ;
#1720 = ORIENTED_EDGE ( 'NONE', *, *, #1757, .T. ) ;
#1721 = STYLED_ITEM ( 'NONE', ( #1297 ), #270 ) ;
#1722 = DIRECTION ( 'NONE',  ( 0.7071067811865532349, 0.000000000000000000, -0.7071067811865417996 ) ) ;
#1723 = LINE ( 'NONE', #1005, #272 ) ;
#1724 = LINE ( 'NONE', #991, #1567 ) ;
#1725 = ORIENTED_EDGE ( 'NONE', *, *, #1853, .F. ) ;
#1726 = PLANE ( 'NONE',  #1903 ) ;
#1727 = VECTOR ( 'NONE', #1284, 1000.000000000000000 ) ;
#1728 = LINE ( 'NONE', #566, #781 ) ;
#1729 = DIRECTION ( 'NONE',  ( -1.000000000000000000, 0.000000000000000000, -3.491481338843133355E-15 ) ) ;
#1730 = ORIENTED_EDGE ( 'NONE', *, *, #199, .T. ) ;
#1731 = VECTOR ( 'NONE', #732, 1000.000000000000000 ) ;
#1732 = ORIENTED_EDGE ( 'NONE', *, *, #549, .F. ) ;
#1733 = VECTOR ( 'NONE', #1317, 1000.000000000000000 ) ;
#1734 = LINE ( 'NONE', #1286, #1174 ) ;
#1735 = ORIENTED_EDGE ( 'NONE', *, *, #641, .T. ) ;
#1736 = EDGE_CURVE ( 'NONE', #171, #1368, #1122, .T. ) ;
#1737 = LINE ( 'NONE', #1563, #919 ) ;
#1738 = DIRECTION ( 'NONE',  ( -2.468850131082265738E-15, 0.7071067811865475727, 0.7071067811865475727 ) ) ;
#1739 = CARTESIAN_POINT ( 'NONE',  ( -1.114083164296538087, 0.2281322681101601024, 2.671867731889835174 ) ) ;
#1740 = ORIENTED_EDGE ( 'NONE', *, *, #1158, .T. ) ;
#1741 = CARTESIAN_POINT ( 'NONE',  ( 3.000000000000009326, -3.499999999999999556, -2.399999999999989253 ) ) ;
#1742 =( NAMED_UNIT ( * ) SI_UNIT ( $, .STERADIAN. ) SOLID_ANGLE_UNIT ( ) );
#1743 = EDGE_CURVE ( 'NONE', #1492, #677, #947, .T. ) ;
#1744 = UNCERTAINTY_MEASURE_WITH_UNIT (LENGTH_MEASURE( 1.000000000000000082E-05 ), #183, 'distance_accuracy_value', 'NONE');
#1745 = LINE ( 'NONE', #273, #1310 ) ;
#1746 = EDGE_LOOP ( 'NONE', ( #1188, #196, #1632, #1441 ) ) ;
#1747 = CARTESIAN_POINT ( 'NONE',  ( -1.249999999999989786, 0.000000000000000000, -2.900000000000003908 ) ) ;
#1748 = EDGE_CURVE ( 'NONE', #173, #1839, #1826, .T. ) ;
#1749 = EDGE_LOOP ( 'NONE', ( #64, #1322, #1508, #1811 ) ) ;
#1750 = VECTOR ( 'NONE', #787, 1000.000000000000000 ) ;
#1751 = CARTESIAN_POINT ( 'NONE',  ( 1.249999999999989564, -3.499999999999999556, 3.000000000000003109 ) ) ;
#1752 = ORIENTED_EDGE ( 'NONE', *, *, #1631, .T. ) ;
#1753 = DIRECTION ( 'NONE',  ( -1.000000000000000000, 0.000000000000000000, -3.947987516731766760E-15 ) ) ;
#1754 = ORIENTED_EDGE ( 'NONE', *, *, #1124, .F. ) ;
#1755 = DIRECTION ( 'NONE',  ( 0.000000000000000000, -1.000000000000000000, 0.000000000000000000 ) ) ;
#1756 = AXIS2_PLACEMENT_3D ( 'NONE', #1296, #1880, #990 ) ;
#1757 = EDGE_CURVE ( 'NONE', #446, #233, #828, .T. ) ;
#1758 = ORIENTED_EDGE ( 'NONE', *, *, #82, .F. ) ;
#1759 = DIRECTION ( 'NONE',  ( 1.000000000000000000, 0.000000000000000000, 3.491481338843133355E-15 ) ) ;
#1760 = VECTOR ( 'NONE', #328, 1000.000000000000000 ) ;
#1761 = CARTESIAN_POINT ( 'NONE',  ( 1.250000000000010436, -0.09999999999999939493, -2.999999999999994227 ) ) ;
#1762 = AXIS2_PLACEMENT_3D ( 'NONE', #1465, #426, #1047 ) ;
#1763 = ORIENTED_EDGE ( 'NONE', *, *, #370, .F. ) ;
#1764 = PLANE ( 'NONE',  #1187 ) ;
#1765 = ORIENTED_EDGE ( 'NONE', *, *, #1471, .T. ) ;
#1766 = FACE_OUTER_BOUND ( 'NONE', #94, .T. ) ;
#1767 = ORIENTED_EDGE ( 'NONE', *, *, #761, .F. ) ;
#1768 = DIRECTION ( 'NONE',  ( -1.000000000000000000, 0.000000000000000000, -3.491481338843133355E-15 ) ) ;
#1769 = ADVANCED_FACE ( 'NONE', ( #986 ), #212, .F. ) ;
#1770 = LINE ( 'NONE', #291, #798 ) ;
#1771 = CIRCLE ( 'NONE', #1385, 3.000000000000000888 ) ;
#1772 = VECTOR ( 'NONE', #1307, 1000.000000000000000 ) ;
#1773 = LINE ( 'NONE', #163, #589 ) ;
#1774 = EDGE_LOOP ( 'NONE', ( #1604, #98, #1289, #1393 ) ) ;
#1775 = ORIENTED_EDGE ( 'NONE', *, *, #1748, .T. ) ;
#1776 = LINE ( 'NONE', #638, #104 ) ;
#1777 = ORIENTED_EDGE ( 'NONE', *, *, #1906, .F. ) ;
#1778 = DIRECTION ( 'NONE',  ( 0.000000000000000000, 1.000000000000000000, 0.000000000000000000 ) ) ;
#1779 = LINE ( 'NONE', #1063, #770 ) ;
#1780 = ADVANCED_FACE ( 'NONE', ( #1239 ), #1540, .T. ) ;
#1781 =( REPRESENTATION_RELATIONSHIP ('NONE','NONE', #1052, #1119 ) REPRESENTATION_RELATIONSHIP_WITH_TRANSFORMATION ( #86 )SHAPE_REPRESENTATION_RELATIONSHIP( ) );
#1782 = ADVANCED_FACE ( 'NONE', ( #1463 ), #1291, .T. ) ;
#1783 = CARTESIAN_POINT ( 'NONE',  ( -1.850000000000013189, -3.499999999999999556, 2.399999999999993250 ) ) ;
#1784 = SURFACE_SIDE_STYLE ('',( #1214 ) ) ;
#1785 = ORIENTED_EDGE ( 'NONE', *, *, #1364, .T. ) ;
#1786 = FACE_OUTER_BOUND ( 'NONE', #1749, .T. ) ;
#1787 = VERTEX_POINT ( 'NONE', #1326 ) ;
#1788 = DIRECTION ( 'NONE',  ( 1.000000000000000000, 0.000000000000000000, 3.491481338843133355E-15 ) ) ;
#1789 = VECTOR ( 'NONE', #371, 1000.000000000000000 ) ;
#1790 = LINE ( 'NONE', #752, #1113 ) ;
#1791 = VECTOR ( 'NONE', #1331, 1000.000000000000000 ) ;
#1792 = PLANE ( 'NONE',  #79 ) ;
#1793 = ORIENTED_EDGE ( 'NONE', *, *, #1205, .T. ) ;
#1794 = VERTEX_POINT ( 'NONE', #401 ) ;
#1795 = EDGE_CURVE ( 'NONE', #1167, #164, #1151, .T. ) ;
#1796 = ORIENTED_EDGE ( 'NONE', *, *, #1818, .F. ) ;
#1797 = DIRECTION ( 'NONE',  ( -3.491481338843133355E-15, 0.000000000000000000, 1.000000000000000000 ) ) ;
#1798 = ORIENTED_EDGE ( 'NONE', *, *, #736, .T. ) ;
#1799 = CARTESIAN_POINT ( 'NONE',  ( -2.700000000000009059, -1.000000000000000000, 2.399999999999990141 ) ) ;
#1800 = CARTESIAN_POINT ( 'NONE',  ( 1.850000000000014300, -4.200000000000000178, -2.399999999999992362 ) ) ;
#1801 = FACE_OUTER_BOUND ( 'NONE', #1512, .T. ) ;
#1802 = ORIENTED_EDGE ( 'NONE', *, *, #12, .T. ) ;
#1803 = EDGE_LOOP ( 'NONE', ( #344, #689, #823, #1329 ) ) ;
#1804 = FACE_OUTER_BOUND ( 'NONE', #1369, .T. ) ;
#1805 = FACE_OUTER_BOUND ( 'NONE', #1246, .T. ) ;
#1806 = ADVANCED_FACE ( 'NONE', ( #137 ), #725, .F. ) ;
#1807 = CARTESIAN_POINT ( 'NONE',  ( -1.850000000000013189, -1.000000000000000000, 2.399999999999993250 ) ) ;
#1808 =( NAMED_UNIT ( * ) SI_UNIT ( $, .STERADIAN. ) SOLID_ANGLE_UNIT ( ) );
#1809 = ORIENTED_EDGE ( 'NONE', *, *, #210, .F. ) ;
#1810 = DIRECTION ( 'NONE',  ( 1.000000000000000000, 0.000000000000000000, 3.491481338843133355E-15 ) ) ;
#1811 = ORIENTED_EDGE ( 'NONE', *, *, #559, .T. ) ;
#1812 = VECTOR ( 'NONE', #910, 1000.000000000000000 ) ;
#1813 = ORIENTED_EDGE ( 'NONE', *, *, #1097, .T. ) ;
#1814 = DIRECTION ( 'NONE',  ( 1.000000000000000000, 0.000000000000000000, 0.000000000000000000 ) ) ;
#1815 = VECTOR ( 'NONE', #1406, 1000.000000000000000 ) ;
#1816 = ORIENTED_EDGE ( 'NONE', *, *, #382, .F. ) ;
#1817 = LINE ( 'NONE', #185, #1883 ) ;
#1818 = EDGE_CURVE ( 'NONE', #240, #1561, #1622, .T. ) ;
#1819 = FACE_OUTER_BOUND ( 'NONE', #1774, .T. ) ;
#1820 = CARTESIAN_POINT ( 'NONE',  ( -1.249999999999989786, -0.09999999999999935330, -3.000000000000003109 ) ) ;
#1821 = ORIENTED_EDGE ( 'NONE', *, *, #210, .T. ) ;
#1822 = AXIS2_PLACEMENT_3D ( 'NONE', #1708, #525, #852 ) ;
#1823 = CARTESIAN_POINT ( 'NONE',  ( 2.700000000000009059, -3.499999999999999556, -2.399999999999990141 ) ) ;
#1824 = LINE ( 'NONE', #353, #1332 ) ;
#1825 = PRESENTATION_LAYER_ASSIGNMENT (  '', '', ( #739 ) ) ;
#1826 = LINE ( 'NONE', #840, #1590 ) ;
#1827 = CARTESIAN_POINT ( 'NONE',  ( -2.999999999999991118, -4.200000000000000178, -2.400000000000009681 ) ) ;
#1828 = ADVANCED_FACE ( 'NONE', ( #997 ), #1764, .F. ) ;
#1829 = DIRECTION ( 'NONE',  ( -0.000000000000000000, -1.000000000000000000, 0.000000000000000000 ) ) ;
#1830 = ORIENTED_EDGE ( 'NONE', *, *, #497, .F. ) ;
#1831 = ORIENTED_EDGE ( 'NONE', *, *, #370, .T. ) ;
#1832 = DIRECTION ( 'NONE',  ( -0.5773502691896278405, 0.5773502691896257311, 0.5773502691896238437 ) ) ;
#1833 = DIRECTION ( 'NONE',  ( -1.000000000000000000, 0.000000000000000000, -2.913240180184202127E-15 ) ) ;
#1834 = CARTESIAN_POINT ( 'NONE',  ( 2.461057336862275235, -1.382945975220889023, 7.989950567456313565E-15 ) ) ;
#1835 = VECTOR ( 'NONE', #451, 1000.000000000000114 ) ;
#1836 = ADVANCED_FACE ( 'NONE', ( #113 ), #1881, .F. ) ;
#1837 = DIRECTION ( 'NONE',  ( -0.7071067811865417996, 0.000000000000000000, -0.7071067811865532349 ) ) ;
#1838 = VERTEX_POINT ( 'NONE', #715 ) ;
#1839 = VERTEX_POINT ( 'NONE', #1002 ) ;
#1840 = ORIENTED_EDGE ( 'NONE', *, *, #198, .F. ) ;
#1841 = EDGE_CURVE ( 'NONE', #1608, #1602, #1592, .T. ) ;
#1842 = FILL_AREA_STYLE ('',( #972 ) ) ;
#1843 = CARTESIAN_POINT ( 'NONE',  ( -1.850000000000013189, -3.499999999999999556, 2.399999999999993250 ) ) ;
#1844 = VECTOR ( 'NONE', #271, 1000.000000000000114 ) ;
#1845 = CARTESIAN_POINT ( 'NONE',  ( -2.999999999999991118, -4.500000000000000000, -2.400000000000009681 ) ) ;
#1846 = FACE_OUTER_BOUND ( 'NONE', #785, .T. ) ;
#1847 = CARTESIAN_POINT ( 'NONE',  ( -2.700000000000009059, -1.000000000000000000, 2.399999999999990141 ) ) ;
#1848 = ORIENTED_EDGE ( 'NONE', *, *, #1570, .T. ) ;
#1849 = ORIENTED_EDGE ( 'NONE', *, *, #53, .T. ) ;
#1850 = AXIS2_PLACEMENT_3D ( 'NONE', #563, #1452, #1711 ) ;
#1851 = ORIENTED_EDGE ( 'NONE', *, *, #1853, .T. ) ;
#1852 = DIRECTION ( 'NONE',  ( 2.468850131082265738E-15, 0.7071067811865475727, -0.7071067811865475727 ) ) ;
#1853 = EDGE_CURVE ( 'NONE', #269, #1838, #694, .T. ) ;
#1854 = AXIS2_PLACEMENT_3D ( 'NONE', #1657, #450, #1636 ) ;
#1855 = LINE ( 'NONE', #505, #1287 ) ;
#1856 = PLANE ( 'NONE',  #1822 ) ;
#1857 = ADVANCED_FACE ( 'NONE', ( #545 ), #701, .T. ) ;
#1858 = CARTESIAN_POINT ( 'NONE',  ( -2.700000000000019273, -1.000000000000000000, 5.399999999999992362 ) ) ;
#1859 = DIRECTION ( 'NONE',  ( 0.7071067811865532349, 0.000000000000000000, -0.7071067811865417996 ) ) ;
#1860 = LINE ( 'NONE', #949, #1409 ) ;
#1861 = ORIENTED_EDGE ( 'NONE', *, *, #1736, .T. ) ;
#1862 = APPLICATION_PROTOCOL_DEFINITION ( 'draft international standard', 'automotive_design', 1998, #891 ) ;
#1863 = FACE_OUTER_BOUND ( 'NONE', #1519, .T. ) ;
#1864 = DIRECTION ( 'NONE',  ( 0.7071067811865532349, 0.000000000000000000, -0.7071067811865417996 ) ) ;
#1865 = CARTESIAN_POINT ( 'NONE',  ( 0.000000000000000000, -4.500000000000000000, 0.000000000000000000 ) ) ;
#1866 = AXIS2_PLACEMENT_3D ( 'NONE', #1071, #480, #1111 ) ;
#1867 = CARTESIAN_POINT ( 'NONE',  ( 2.700000000000001066, -1.000000000000000000, 9.426999614876463215E-15 ) ) ;
#1868 = LINE ( 'NONE', #107, #892 ) ;
#1869 = DIRECTION ( 'NONE',  ( 1.000000000000000000, 0.000000000000000000, 3.491481338843133355E-15 ) ) ;
#1870 = ORIENTED_EDGE ( 'NONE', *, *, #1009, .F. ) ;
#1871 = CARTESIAN_POINT ( 'NONE',  ( -1.250000000000010436, -3.499999999999999556, 2.999999999999994227 ) ) ;
#1872 = DIRECTION ( 'NONE',  ( 0.7071067811865483499, 0.000000000000000000, 0.7071067811865465735 ) ) ;
#1873 = FACE_OUTER_BOUND ( 'NONE', #207, .T. ) ;
#1874 = AXIS2_PLACEMENT_3D ( 'NONE', #1068, #1686, #70 ) ;
#1875 = VERTEX_POINT ( 'NONE', #131 ) ;
#1876 = VERTEX_POINT ( 'NONE', #257 ) ;
#1877 = CARTESIAN_POINT ( 'NONE',  ( -2.461057336862291223, -1.382945975220889245, 4.922114673724539813 ) ) ;
#1878 = EDGE_CURVE ( 'NONE', #914, #1304, #1745, .T. ) ;
#1879 = EDGE_CURVE ( 'NONE', #1561, #782, #1447, .T. ) ;
#1880 = DIRECTION ( 'NONE',  ( 0.7071067811865475727, 0.7071067811865475727, 2.468850131082265738E-15 ) ) ;
#1881 = PLANE ( 'NONE',  #1683 ) ;
#1882 = PLANE ( 'NONE',  #339 ) ;
#1883 = VECTOR ( 'NONE', #488, 1000.000000000000000 ) ;
#1884 = ORIENTED_EDGE ( 'NONE', *, *, #1411, .F. ) ;
#1885 = PLANE ( 'NONE',  #749 ) ;
#1886 = ORIENTED_EDGE ( 'NONE', *, *, #432, .T. ) ;
#1887 = ADVANCED_FACE ( 'NONE', ( #1298 ), #1896, .T. ) ;
#1888 = CARTESIAN_POINT ( 'NONE',  ( 1.850000000000013411, -1.000000000000000000, -2.399999999999993250 ) ) ;
#1889 = LINE ( 'NONE', #239, #1672 ) ;
#1890 = ORIENTED_EDGE ( 'NONE', *, *, #1171, .F. ) ;
#1891 = AXIS2_PLACEMENT_3D ( 'NONE', #45, #1506, #1810 ) ;
#1892 = CARTESIAN_POINT ( 'NONE',  ( 1.249999999999989564, -4.500000000000000000, 3.000000000000003109 ) ) ;
#1893 = EDGE_CURVE ( 'NONE', #793, #295, #1159, .T. ) ;
#1894 = FILL_AREA_STYLE ('',( #565 ) ) ;
#1895 = EDGE_CURVE ( 'NONE', #1787, #269, #1728, .T. ) ;
#1896 = PLANE ( 'NONE',  #1615 ) ;
#1897 = VERTEX_POINT ( 'NONE', #1609 ) ;
#1898 = CARTESIAN_POINT ( 'NONE',  ( 1.850000000000013411, -3.499999999999999556, -2.399999999999993250 ) ) ;
#1899 = ORIENTED_EDGE ( 'NONE', *, *, #1593, .F. ) ;
#1900 = CARTESIAN_POINT ( 'NONE',  ( -1.850000000000013189, -3.499999999999999556, 2.399999999999993250 ) ) ;
#1901 = VECTOR ( 'NONE', #1778, 1000.000000000000000 ) ;
#1902 = PRODUCT_DEFINITION_SHAPE ( 'NONE', 'NONE',  #1086 ) ;
#1903 = AXIS2_PLACEMENT_3D ( 'NONE', #388, #1150, #400 ) ;
#1904 = DIRECTION ( 'NONE',  ( -0.4999999999999996114, 0.7071067811865473507, 0.5000000000000008882 ) ) ;
#1905 = VERTEX_POINT ( 'NONE', #285 ) ;
#1906 = EDGE_CURVE ( 'NONE', #1602, #425, #1473, .T. ) ;
#1907 = NEXT_ASSEMBLY_USAGE_OCCURRENCE ( 'NAUO1', ' ', ' ', #101, #1086, $ ) ;
ENDSEC;
END-ISO-10303-21;
